timestamp_milis,0_x,0_y,0_z,1_x,1_y,1_z,2_x,2_y,2_z,3_x,3_y,3_z,4_x,4_y,4_z,5_x,5_y,5_z,6_x,6_y,6_z,7_x,7_y,7_z,8_x,8_y,8_z,9_x,9_y,9_z,10_x,10_y,10_z,11_x,11_y,11_z,12_x,12_y,12_z,13_x,13_y,13_z,14_x,14_y,14_z,15_x,15_y,15_z,16_x,16_y,16_z,17_x,17_y,17_z,18_x,18_y,18_z,19_x,19_y,19_z,20_x,20_y,20_z,21_x,21_y,21_z,22_x,22_y,22_z,23_x,23_y,23_z,24_x,24_y,24_z,25_x,25_y,25_z,26_x,26_y,26_z,27_x,27_y,27_z,28_x,28_y,28_z,29_x,29_y,29_z,30_x,30_y,30_z,31_x,31_y,31_z,32_x,32_y,32_z,33_x,33_y,33_z,34_x,34_y,34_z,35_x,35_y,35_z,36_x,36_y,36_z,37_x,37_y,37_z,38_x,38_y,38_z,39_x,39_y,39_z,40_x,40_y,40_z,41_x,41_y,41_z,42_x,42_y,42_z,43_x,43_y,43_z,44_x,44_y,44_z,45_x,45_y,45_z,46_x,46_y,46_z,47_x,47_y,47_z,48_x,48_y,48_z,49_x,49_y,49_z,50_x,50_y,50_z,51_x,51_y,51_z,52_x,52_y,52_z,53_x,53_y,53_z,54_x,54_y,54_z,55_x,55_y,55_z,56_x,56_y,56_z,57_x,57_y,57_z,58_x,58_y,58_z,59_x,59_y,59_z,60_x,60_y,60_z,61_x,61_y,61_z,62_x,62_y,62_z,63_x,63_y,63_z,64_x,64_y,64_z,65_x,65_y,65_z,66_x,66_y,66_z,67_x,67_y,67_z,68_x,68_y,68_z,69_x,69_y,69_z,70_x,70_y,70_z,71_x,71_y,71_z,72_x,72_y,72_z,73_x,73_y,73_z,74_x,74_y,74_z
729039583.6118,0.8371139764785767,0.9646437168121338,-0.9455302357673645,0.29414623975753784,0.9914377927780151,-0.9790765047073364,0.9410748481750488,1.3918254375457764,-0.6743941903114319,0.20163610577583313,1.4278876781463623,-0.7484570741653442,0.8910524249076843,1.7699700593948364,-1.0440164804458618,0.23099203407764435,1.7415778636932373,-1.3082349300384521,0.729682445526123,1.7691726684570312,-0.07650602608919144,0.3837427496910095,1.7604652643203735,0.08177103847265244,0.7163406610488892,2.5275256633758545,-0.04972488060593605,0.40215426683425903,2.5043787956237793,0.1378803849220276,0.6935533881187439,3.1901626586914062,0.7783050537109375,0.4134437143802643,3.159017324447632,0.7068859934806824
729039716.9451,0.8342377543449402,0.9586728811264038,-1.722814917564392,0.2953396141529083,0.9911473393440247,-1.4849761724472046,0.9405993223190308,1.2469559907913208,-2.1899304389953613,0.2298389971256256,1.4161309003829956,-1.2749484777450562,0.8837203979492188,1.0056418180465698,-2.8061587810516357,0.3326195478439331,1.400941014289856,-1.5159796476364136,0.7296819686889648,1.7832053899765015,-0.13151174783706665,0.4050063192844391,1.7656899690628052,0.13739491999149323,0.6995719075202942,2.0103437900543213,-0.42032065987586975,0.3902238607406616,2.0797736644744873,-0.2026812732219696,0.7053438425064087,2.539738655090332,0.42851024866104126,0.5277239084243774,2.440600633621216,0.542686939239502
729039850.2785,0.8342393636703491,0.9538381099700928,-1.7053775787353516,0.2953799068927765,0.9915486574172974,-1.5205994844436646,0.9599528312683105,1.2310926914215088,-2.332024574279785,0.237646222114563,1.4164320230484009,-1.4022822380065918,0.8955750465393066,0.9671298861503601,-3.104903221130371,0.335094153881073,1.4650814533233643,-1.72897469997406,0.7359532117843628,1.7984776496887207,-0.13402606546878815,0.4172685742378235,1.78702712059021,0.14024466276168823,0.7009741067886353,1.9471728801727295,-0.5837613344192505,0.3769093453884125,2.029649496078491,-0.3907596170902252,0.7178415060043335,2.4607441425323486,0.268269807100296,0.5508111119270325,2.3532187938690186,0.35629260540008545
729039983.6118,0.8342108726501465,0.9469359517097473,-1.5944342613220215,0.29860129952430725,0.9888224005699158,-1.404991865158081,0.9678056836128235,1.2164690494537354,-2.148127555847168,0.24635322391986847,1.4090830087661743,-1.3141043186187744,0.9073788523674011,0.9607944488525391,-2.858581781387329,0.3486815094947815,1.4031946659088135,-1.7031456232070923,0.7414982914924622,1.8001160621643066,-0.13214710354804993,0.4283744692802429,1.7902733087539673,0.13826313614845276,0.7053737044334412,1.9513319730758667,-0.5390726327896118,0.37855786085128784,2.0202720165252686,-0.3676387667655945,0.7407779693603516,2.487250804901123,0.21639974415302277,0.5762380361557007,2.3857104778289795,0.28631365299224854
729040016.9451,0.8342255353927612,0.9464712142944336,-1.4801832437515259,0.2988192141056061,0.9863049983978271,-1.3201768398284912,0.9783483743667603,1.246431589126587,-1.7493702173233032,0.24609673023223877,1.4074726104736328,-1.146883249282837,0.9367273449897766,1.2209091186523438,-2.447859287261963,0.32899168133735657,1.46891450881958,-1.5853445529937744,0.7412084937095642,1.7990987300872803,-0.1287730634212494,0.42512598633766174,1.7923098802566528,0.1349763125181198,0.7112644910812378,2.0859382152557373,-0.5368764400482178,0.38418206572532654,2.1449480056762695,-0.39569175243377686,0.7512322664260864,2.6647751331329346,0.2990739047527313,0.5525700449943542,2.5936992168426514,0.2745671272277832
729040150.2785,0.8342560529708862,0.9442794919013977,-1.3940001726150513,0.30001506209373474,0.9842076897621155,-1.283567190170288,0.9829069972038269,1.2616878747940063,-1.6585792303085327,0.24680444598197937,1.4079201221466064,-1.0338764190673828,0.9331935048103333,1.2498430013656616,-2.3710060119628906,0.31977471709251404,1.522267460823059,-1.4586224555969238,0.744258463382721,1.7989767789840698,-0.12535648047924042,0.42622050642967224,1.7979360818862915,0.13128575682640076,0.7179015874862671,2.1334481239318848,-0.5802431702613831,0.3845357596874237,2.1812407970428467,-0.4888717234134674,0.7529977560043335,2.729020833969116,0.2222565859556198,0.5403832197189331,2.6643218994140625,0.1477116495370865
729040183.6118,0.8343064188957214,0.9439166784286499,-1.4781181812286377,0.30007800459861755,0.9826371669769287,-1.2920585870742798,0.9851762652397156,1.2702609300613403,-1.7823543548583984,0.24974235892295837,1.4086617231369019,-1.042845368385315,0.9447166323661804,1.2850415706634521,-2.5133166313171387,0.31968846917152405,1.538627028465271,-1.4954211711883545,0.746717095375061,1.7979155778884888,-0.12879954278469086,0.424471914768219,1.7968000173568726,0.1346544325351715,0.7232211828231812,2.1570286750793457,-0.6180395483970642,0.38588911294937134,2.20412540435791,-0.5033388733863831,0.7567963004112244,2.75952410697937,0.27901697158813477,0.531226634979248,2.69571852684021,0.20623119175434113
729040216.9451,0.8346171379089355,0.9440475702285767,-1.4663180112838745,0.30007126927375793,0.9815475344657898,-1.2723585367202759,0.9872700572013855,1.2746386528015137,-1.709792137145996,0.24839262664318085,1.413306474685669,-0.9685528874397278,0.9533320665359497,1.3001981973648071,-2.375354766845703,0.3173803389072418,1.6316875219345093,-1.3670204877853394,0.7483340501785278,1.7978730201721191,-0.14214646816253662,0.42323803901672363,1.796130895614624,0.14781120419502258,0.7257003784179688,2.2883572578430176,-0.5921767354011536,0.3967410624027252,2.2785418033599854,-0.43705421686172485,0.7571183443069458,2.892381191253662,0.314627468585968,0.530193030834198,2.839444398880005,0.2499462068080902
729040350.2785,0.834630012512207,0.9429940581321716,-1.479880928993225,0.30124324560165405,0.9814262986183167,-1.2903974056243896,0.9853687286376953,1.2693699598312378,-1.8350162506103516,0.25352683663368225,1.4172471761703491,-1.0682016611099243,0.9529105424880981,1.2133352756500244,-2.528106212615967,0.3246462643146515,1.5955090522766113,-1.4852592945098877,0.7511340975761414,1.797939419746399,-0.14408649504184723,0.4234338700771332,1.7964049577713013,0.14976124465465546,0.7248634099960327,2.2845613956451416,-0.5291545391082764,0.40082091093063354,2.2782108783721924,-0.3707766830921173,0.758526623249054,2.88565993309021,0.38535091280937195,0.5260513424873352,2.828838586807251,0.34478336572647095
729040383.6118,0.8346417546272278,0.9430680871009827,-1.510931134223938,0.3013526499271393,0.9815943241119385,-1.323561429977417,0.984520435333252,1.2523707151412964,-1.8968656063079834,0.25417569279670715,1.4190040826797485,-1.127461314201355,0.9483880996704102,1.1570560932159424,-2.565276622772217,0.3296697437763214,1.5324549674987793,-1.506187081336975,0.7513402104377747,1.7999531030654907,-0.14434455335140228,0.42296940088272095,1.8000624179840088,0.1500714123249054,0.7240321636199951,2.2802493572235107,-0.5053471326828003,0.40391620993614197,2.2757608890533447,-0.35941293835639954,0.7607642412185669,2.8841445446014404,0.4627011716365814,0.5267030596733093,2.8060388565063477,0.4512971341609955
729040416.9451,0.8346027135848999,0.9433546662330627,-1.3943800926208496,0.3014152944087982,0.9816067814826965,-1.2626097202301025,0.9843705296516418,1.2568875551223755,-1.687455177307129,0.25318509340286255,1.4223064184188843,-1.0166661739349365,0.9445457458496094,1.1988320350646973,-2.4151687622070312,0.3264334201812744,1.588176965713501,-1.397778034210205,0.7510606050491333,1.8023465871810913,-0.14268767833709717,0.42215484380722046,1.8016294240951538,0.1482323557138443,0.7239449620246887,2.359412431716919,-0.4401553273200989,0.40902623534202576,2.3358170986175537,-0.311495840549469,0.7588127851486206,2.9615674018859863,0.4910721182823181,0.5150815844535828,2.9050302505493164,0.44821637868881226
729040450.2785,0.8354024887084961,0.943707287311554,-1.275275468826294,0.301645964384079,0.981637179851532,-1.1772247552871704,0.9785102009773254,1.2772564888000488,-1.4008523225784302,0.2523799538612366,1.4359625577926636,-0.9067633748054504,0.9465416669845581,1.383280634880066,-1.9977552890777588,0.324138879776001,1.649953007698059,-1.318368911743164,0.7531515955924988,1.8051947355270386,-0.13325682282447815,0.42224717140197754,1.8029520511627197,0.1385057121515274,0.7388564348220825,2.4606385231018066,-0.3541845679283142,0.44736915826797485,2.430307149887085,-0.2639392614364624,0.7619151473045349,3.0881779193878174,0.4831170439720154,0.5101697444915771,3.055793285369873,0.301860511302948
729040583.6118,0.835373044013977,0.9435649514198303,-1.3400222063064575,0.30194830894470215,0.9816179275512695,-1.291630506515503,0.9730430841445923,1.313991665840149,-1.455989956855774,0.2478923499584198,1.4441450834274292,-1.0138177871704102,0.9456856846809387,1.5079551935195923,-2.0258798599243164,0.32190269231796265,1.6688990592956543,-1.4350898265838623,0.7545469999313354,1.8052823543548584,-0.1322641670703888,0.421957790851593,1.8026424646377563,0.13752396404743195,0.7379721403121948,2.4580023288726807,-0.37078773975372314,0.4465661942958832,2.425173282623291,-0.24449880421161652,0.7579001784324646,3.0878868103027344,0.5291424989700317,0.4909241795539856,3.050079584121704,0.3879116475582123
729040616.9451,0.8352805972099304,0.9436333179473877,-1.2681329250335693,0.30313462018966675,0.980698823928833,-1.2237356901168823,0.9725680351257324,1.315552830696106,-1.344247817993164,0.24016693234443665,1.4451442956924438,-0.9148094058036804,0.945271372795105,1.4643398523330688,-1.8955752849578857,0.3069002032279968,1.7031949758529663,-1.2716000080108643,0.7543585896492004,1.8099913597106934,-0.1320519894361496,0.42164674401283264,1.8051270246505737,0.13739794492721558,0.7372292876243591,2.4682037830352783,-0.3768206536769867,0.44626617431640625,2.4400336742401123,-0.2322264015674591,0.7525304555892944,3.1039440631866455,0.5099256038665771,0.4807693064212799,3.07218074798584,0.3894660174846649
729040650.2785,0.8354328870773315,0.9436789155006409,-1.26016366481781,0.3034270405769348,0.980119526386261,-1.2172750234603882,0.9700291752815247,1.3358495235443115,-1.331628441810608,0.2315981090068817,1.4464131593704224,-0.9370559453964233,0.950465202331543,1.5473593473434448,-1.9141572713851929,0.2944759726524353,1.7215484380722046,-1.285536527633667,0.7542482614517212,1.8098806142807007,-0.12734779715538025,0.41961875557899475,1.804878830909729,0.13263177871704102,0.7376074194908142,2.4932703971862793,-0.3084055185317993,0.44672244787216187,2.465907573699951,-0.2316635102033615,0.751107394695282,3.1377153396606445,0.4770292639732361,0.4747234880924225,3.1030375957489014,0.2849684953689575
729040783.6118,0.8402217030525208,0.9455512762069702,-0.9875253438949585,0.3034154176712036,0.9787765741348267,-1.0132373571395874,0.969925582408905,1.3687713146209717,-1.0036182403564453,0.22676484286785126,1.471250057220459,-0.8732315897941589,0.9492746591567993,1.642750859260559,-1.5976756811141968,0.293806791305542,1.748628854751587,-1.449676513671875,0.7590538859367371,1.8096574544906616,-0.09743332117795944,0.4194613993167877,1.8088756799697876,0.1029513031244278,0.7575438618659973,2.533810615539551,-0.22648683190345764,0.456756055355072,2.520453691482544,-0.24532146751880646,0.7680178880691528,3.1756184101104736,0.5168842077255249,0.4789537787437439,3.166156768798828,0.2555541694164276
729040816.9451,0.8402432203292847,0.9474988579750061,-0.9298166036605835,0.3029268980026245,0.9785239696502686,-0.9827290773391724,0.9698476791381836,1.37288236618042,-0.9108619689941406,0.21938546001911163,1.4803568124771118,-0.8083175420761108,0.9513548612594604,1.652832269668579,-1.4441324472427368,0.28994446992874146,1.7890446186065674,-1.3386222124099731,0.7589699625968933,1.8142025470733643,-0.08276073634624481,0.4192560315132141,1.8167256116867065,0.08827105909585953,0.7588477730751038,2.54702091217041,-0.25339531898498535,0.46003976464271545,2.530827045440674,-0.302147775888443,0.7676102519035339,3.190727949142456,0.505659282207489,0.47995299100875854,3.176811933517456,0.19060102105140686
729040850.2785,0.8399125337600708,0.9480951428413391,-0.8950680494308472,0.302244633436203,0.9778406620025635,-0.9533277750015259,0.9697891473770142,1.373704195022583,-0.8639488220214844,0.20791861414909363,1.4869197607040405,-0.8020064234733582,0.9541348218917847,1.6709213256835938,-1.3358081579208374,0.2784052789211273,1.8261104822158813,-1.3034608364105225,0.7584376931190491,1.8145142793655396,-0.0767202153801918,0.41559839248657227,1.8173099756240845,0.0822058692574501,0.7568076848983765,2.5463767051696777,-0.24944278597831726,0.45767563581466675,2.536489963531494,-0.29557695984840393,0.7667236924171448,3.190213203430176,0.4957405924797058,0.4734954833984375,3.1772024631500244,0.2170417755842209
729040983.6118,0.8335319757461548,0.9496816396713257,-0.6266311407089233,0.30202391743659973,0.9758961796760559,-0.7585773468017578,0.9601649045944214,1.3680247068405151,-0.6212401390075684,0.19954213500022888,1.4834588766098022,-0.6938043832778931,0.9394033551216125,1.6481645107269287,-1.149858832359314,0.2731603682041168,1.8063075542449951,-1.2419767379760742,0.7484479546546936,1.822039008140564,-0.056711263954639435,0.41059231758117676,1.8290085792541504,0.062393467873334885,0.7516723275184631,2.547340154647827,-0.24017290771007538,0.4558771550655365,2.5425000190734863,-0.29474788904190063,0.7646092772483826,3.1974191665649414,0.43238168954849243,0.4729079604148865,3.194258689880371,0.14027264714241028
729041016.9451,0.8321573138237,0.9522598385810852,-0.6311746835708618,0.3006346821784973,0.9746793508529663,-0.7598452568054199,0.9570497274398804,1.375857949256897,-0.6346738338470459,0.19430020451545715,1.4830906391143799,-0.7007689476013184,0.9305185079574585,1.6798187494277954,-1.1841009855270386,0.2629958689212799,1.8135075569152832,-1.2599356174468994,0.7442594766616821,1.8378322124481201,-0.056971170008182526,0.40720176696777344,1.844101071357727,0.06273973733186722,0.7433462142944336,2.556915283203125,-0.24522891640663147,0.45189815759658813,2.5484211444854736,-0.28851932287216187,0.7543128728866577,3.2074692249298096,0.43684688210487366,0.46365052461624146,3.2009243965148926,0.18816906213760376
729041050.2785,0.8279927968978882,0.9546859264373779,-0.6644845604896545,0.3004687428474426,0.9712053537368774,-0.7447167634963989,0.9502474665641785,1.378536581993103,-0.6656609773635864,0.1958293318748474,1.482582688331604,-0.6366599798202515,0.9200729131698608,1.695313811302185,-1.2179676294326782,0.26010841131210327,1.8298935890197754,-1.185132622718811,0.7351323962211609,1.8414043188095093,-0.059126365929841995,0.401890367269516,1.8453289270401,0.06471950560808182,0.7307641506195068,2.550161600112915,-0.25791192054748535,0.44749218225479126,2.543111562728882,-0.19480331242084503,0.7390050292015076,3.2028963565826416,0.4392179548740387,0.4555423855781555,3.1969871520996094,0.2715260088443756
729041183.6118,0.8170017004013062,0.9585692286491394,-0.540195107460022,0.2966224253177643,0.9680701494216919,-0.6083494424819946,0.9356363415718079,1.393698811531067,-0.6585263609886169,0.19073519110679626,1.4819999933242798,-0.5228828191757202,0.9032994508743286,1.734661340713501,-1.3306249380111694,0.2269243746995926,1.8518003225326538,-1.103598952293396,0.7224888801574707,1.840876817703247,-0.06839357316493988,0.3828625977039337,1.8434045314788818,0.07492783665657043,0.7155982851982117,2.55254864692688,-0.29440757632255554,0.4193146228790283,2.5415518283843994,-0.11762259900569916,0.7190835475921631,3.197223424911499,0.3958985209465027,0.427164226770401,3.1844089031219482,0.37766343355178833
729041216.9451,0.8115286827087402,0.9616328477859497,-0.5696074366569519,0.2954668402671814,0.9662838578224182,-0.6408535838127136,0.9267622828483582,1.3917967081069946,-0.677570641040802,0.18476417660713196,1.481113076210022,-0.5345377922058105,0.9019678831100464,1.6978038549423218,-1.3563777208328247,0.2188510149717331,1.8497346639633179,-1.0570871829986572,0.71175217628479,1.848438024520874,-0.0694279745221138,0.37605002522468567,1.8448891639709473,0.07613398879766464,0.696437656879425,2.5449674129486084,-0.40099698305130005,0.40821367502212524,2.534794569015503,-0.15868133306503296,0.7051106691360474,3.193772792816162,0.2288748025894165,0.41925254464149475,3.1786630153656006,0.23874418437480927
729041250.2785,0.8096134066581726,0.9634754657745361,-0.5739190578460693,0.2950562834739685,0.9660006165504456,-0.6606929898262024,0.9232675433158875,1.3912862539291382,-0.6722480654716492,0.18396921455860138,1.480320692062378,-0.5833936929702759,0.8984895944595337,1.646055817604065,-1.324738621711731,0.22527675330638885,1.8453744649887085,-1.0995655059814453,0.7085283994674683,1.8632216453552246,-0.0714465007185936,0.37623363733291626,1.8574280738830566,0.07802309095859528,0.6872905492782593,2.5397591590881348,-0.3963354229927063,0.4075838029384613,2.5299007892608643,-0.1759026050567627,0.7034605145454407,3.188948631286621,0.247869610786438,0.4221799373626709,3.172689199447632,0.19352352619171143
729041283.6118,0.8046104311943054,0.9639488458633423,-0.5368839502334595,0.29505836963653564,0.9648832082748413,-0.6265469789505005,0.9186339378356934,1.4019007682800293,-0.7015242576599121,0.1850849837064743,1.478216528892517,-0.5643402338027954,0.8862361907958984,1.5928927659988403,-1.3756027221679688,0.2290887087583542,1.8368418216705322,-1.0858380794525146,0.6995252370834351,1.8659894466400146,-0.07201599329710007,0.37206873297691345,1.8581792116165161,0.07852764427661896,0.6764580011367798,2.538285493850708,-0.4308444559574127,0.4043562412261963,2.528637409210205,-0.25958600640296936,0.6962812542915344,3.1861572265625,0.18443544209003448,0.42199450731277466,3.167968988418579,0.09767365455627441
729041416.9451,0.7971336841583252,0.964073121547699,-0.49641090631484985,0.294988751411438,0.9617684483528137,-0.5500239133834839,0.9070860743522644,1.3881278038024902,-0.6395655870437622,0.18577733635902405,1.4650416374206543,-0.5532848238945007,0.8811215162277222,1.5815560817718506,-1.3205217123031616,0.2386908233165741,1.8000578880310059,-1.1038962602615356,0.6903494596481323,1.8636811971664429,-0.07316957414150238,0.3685990273952484,1.8566532135009766,0.07949622720479965,0.6736027002334595,2.499140739440918,-0.5042496919631958,0.40240567922592163,2.4875574111938477,-0.3762187659740448,0.6983304023742676,3.168435573577881,0.0915321558713913,0.4249807298183441,3.1542673110961914,-0.04185096174478531
729041450.2785,0.7968991994857788,0.9639981985092163,-0.5259713530540466,0.29496142268180847,0.960597813129425,-0.531233549118042,0.9064432382583618,1.3870291709899902,-0.6825941205024719,0.18666811287403107,1.453752875328064,-0.48916688561439514,0.8709592819213867,1.5782222747802734,-1.3420383930206299,0.2358299046754837,1.7993226051330566,-1.077479600906372,0.6936774253845215,1.8629229068756104,-0.07978357374668121,0.3701496422290802,1.8556385040283203,0.08616209775209427,0.6753256916999817,2.4984171390533447,-0.4626471996307373,0.4018344283103943,2.4840054512023926,-0.3344365954399109,0.6994587779045105,3.1682839393615723,0.14500412344932556,0.42294272780418396,3.1485941410064697,0.046732522547245026
729041483.6118,0.7962729930877686,0.9639794826507568,-0.46741193532943726,0.29486656188964844,0.9598114490509033,-0.5165212750434875,0.9005233645439148,1.3878028392791748,-0.6244562864303589,0.18793129920959473,1.4511224031448364,-0.5213949680328369,0.8659321665763855,1.6241726875305176,-1.2754886150360107,0.23193128407001495,1.8017061948776245,-1.0792229175567627,0.696042537689209,1.8631362915039062,-0.0845135822892189,0.3711422085762024,1.8550928831100464,0.09087026119232178,0.6782673001289368,2.5233957767486572,-0.3470997214317322,0.4024607539176941,2.5085012912750244,-0.15392734110355377,0.7009329199790955,3.183393955230713,0.31346428394317627,0.42063108086586,3.16291880607605,0.2792723476886749
729041616.9451,0.795540452003479,0.9641367793083191,-0.5358363389968872,0.29452913999557495,0.9557294249534607,-0.5009623765945435,0.8965359926223755,1.3946009874343872,-0.6689906716346741,0.18815085291862488,1.4193485975265503,-0.41515517234802246,0.8520106077194214,1.6745667457580566,-1.2297029495239258,0.22388458251953125,1.7917991876602173,-0.9554060697555542,0.6915310025215149,1.862363576889038,-0.08654922991991043,0.3644323945045471,1.8485450744628906,0.09298922121524811,0.6672981977462769,2.5225613117218018,-0.32238179445266724,0.3831924796104431,2.494084358215332,-0.2010466754436493,0.6834641098976135,3.1827731132507324,0.3301929533481598,0.38667184114456177,3.1488876342773438,0.22655358910560608
729041650.2785,0.7936067581176758,0.9639593362808228,-0.5343701839447021,0.2943669259548187,0.9551826119422913,-0.5365201234817505,0.8927051424980164,1.3961334228515625,-0.679483950138092,0.19018034636974335,1.4150689840316772,-0.4559937119483948,0.8460046052932739,1.658440113067627,-1.2644975185394287,0.22319693863391876,1.7935632467269897,-0.9709292650222778,0.6907734274864197,1.8618359565734863,-0.08455877751111984,0.36198699474334717,1.84438157081604,0.09089251607656479,0.6629698276519775,2.5236597061157227,-0.21780121326446533,0.37297195196151733,2.494215250015259,-0.16518881916999817,0.6737290620803833,3.1812596321105957,0.4963441491127014,0.3740943372249603,3.148453950881958,0.33314427733421326
729041683.6118,0.7937530875205994,0.9638910889625549,-0.5249232053756714,0.2943669259548187,0.9546297788619995,-0.5057377815246582,0.8894268870353699,1.3931702375411987,-0.6839683651924133,0.19190463423728943,1.410538911819458,-0.48017677664756775,0.8469171524047852,1.6531906127929688,-1.2866612672805786,0.22401168942451477,1.7765517234802246,-1.0384414196014404,0.691387951374054,1.8616234064102173,-0.08718927204608917,0.3628332018852234,1.842240571975708,0.09345166385173798,0.663501501083374,2.5235588550567627,-0.21530215442180634,0.3744562566280365,2.4918620586395264,-0.13984736800193787,0.6761083006858826,3.1795313358306885,0.5020323991775513,0.37932565808296204,3.1428096294403076,0.35992228984832764
729041716.9451,0.793664813041687,0.9637900590896606,-0.5126553177833557,0.29452839493751526,0.9546114206314087,-0.5065804123878479,0.8894208669662476,1.3928837776184082,-0.6805436015129089,0.19227075576782227,1.4131696224212646,-0.49424782395362854,0.8484676480293274,1.6519426107406616,-1.2791506052017212,0.22214379906654358,1.7772467136383057,-1.0451401472091675,0.6919025182723999,1.8601725101470947,-0.09139968454837799,0.3634948134422302,1.8406084775924683,0.09748388826847076,0.665360152721405,2.5292022228240967,-0.2029661238193512,0.3768008053302765,2.5051276683807373,-0.04500754922628403,0.6781682968139648,3.184349536895752,0.5111443996429443,0.38459789752960205,3.1531407833099365,0.4397456645965576
729041850.2785,0.7938005924224854,0.963567316532135,-0.5115147829055786,0.29453402757644653,0.9528611302375793,-0.5227493047714233,0.890914261341095,1.3923894166946411,-0.6846016645431519,0.19250774383544922,1.4127390384674072,-0.5448786616325378,0.8507243394851685,1.6488419771194458,-1.286592721939087,0.22268211841583252,1.7670137882232666,-1.2255289554595947,0.6913467645645142,1.858032464981079,-0.08111382275819778,0.3617842495441437,1.839111328125,0.0871647298336029,0.6658254861831665,2.531205177307129,-0.17150147259235382,0.3733084797859192,2.5051465034484863,-0.07805182039737701,0.677341878414154,3.1832098960876465,0.5314841270446777,0.3795904517173767,3.153062582015991,0.3667355179786682
729041883.6118,0.7938675284385681,0.963280439376831,-0.47634679079055786,0.2945788502693176,0.9528830647468567,-0.5324764251708984,0.8917249441146851,1.391183614730835,-0.6811261177062988,0.19463518261909485,1.4134880304336548,-0.5990535616874695,0.8522162437438965,1.6165915727615356,-1.3021178245544434,0.22644081711769104,1.7684135437011719,-1.2720582485198975,0.6917273998260498,1.8578017950057983,-0.07686543464660645,0.36234891414642334,1.8392919301986694,0.0827740803360939,0.6668199300765991,2.5391743183135986,-0.16016142070293427,0.37389862537384033,2.520473003387451,-0.10436321794986725,0.6779567003250122,3.188096761703491,0.5463222861289978,0.3824341893196106,3.164280414581299,0.3773680031299591
729042016.9451,0.7966591715812683,0.9633913040161133,-0.4837113916873932,0.29502177238464355,0.952876091003418,-0.5023907423019409,0.894429087638855,1.3936740159988403,-0.6843420267105103,0.19467435777187347,1.4146404266357422,-0.5427190065383911,0.8530309796333313,1.6161547899246216,-1.305730938911438,0.22661665081977844,1.7691019773483276,-1.2053556442260742,0.6921051740646362,1.8616039752960205,-0.07838708907365799,0.36253803968429565,1.8422191143035889,0.08439747989177704,0.6671828031539917,2.5513124465942383,-0.19261233508586884,0.3748707175254822,2.5258266925811768,-0.11515244096517563,0.6791288256645203,3.2028610706329346,0.5069575309753418,0.3835900127887726,3.17356276512146,0.3700284957885742
729042050.2785,0.7981877326965332,0.9624313712120056,-0.45965367555618286,0.2962983250617981,0.9528927206993103,-0.4957629144191742,0.9200468063354492,1.3759275674819946,-0.7715097665786743,0.1953829824924469,1.4086419343948364,-0.5194356441497803,0.8603873252868652,1.3710014820098877,-1.4836838245391846,0.2268822193145752,1.7519162893295288,-1.1007543802261353,0.6924079656600952,1.8641512393951416,-0.08029617369174957,0.36306992173194885,1.8457642793655396,0.08612120896577835,0.6686996221542358,2.549515962600708,-0.19804303348064423,0.3769844174385071,2.5249295234680176,-0.1289706826210022,0.6866059303283691,3.200911521911621,0.5028257369995117,0.39478158950805664,3.1730167865753174,0.354734867811203
729042083.6118,0.7983789443969727,0.9616298079490662,-0.40656226873397827,0.2963028848171234,0.9522530436515808,-0.40707507729530334,0.9481886029243469,1.344872236251831,-0.9782312512397766,0.19547975063323975,1.4119019508361816,-0.39095377922058105,0.9307430982589722,0.9554048776626587,-1.800506353378296,0.2222553789615631,1.7570891380310059,-0.8231745958328247,0.6913740038871765,1.863953948020935,-0.10088728368282318,0.363328218460083,1.845696210861206,0.10654641687870026,0.6691156625747681,2.5661814212799072,-0.21982507407665253,0.37758907675743103,2.5369255542755127,-0.0411754734814167,0.6799931526184082,3.217182159423828,0.47132864594459534,0.39335569739341736,3.1784772872924805,0.4652579426765442
729042216.9451,0.7984532117843628,0.9608923196792603,-0.43271976709365845,0.29894667863845825,0.9521056413650513,-0.4404018521308899,0.924811065196991,1.3484212160110474,-0.6686575412750244,0.1955702304840088,1.4139187335968018,-0.49566468596458435,0.9134048223495483,1.4557744264602661,-1.3124198913574219,0.2234521359205246,1.765987515449524,-1.1329755783081055,0.6916292905807495,1.854725956916809,-0.09909927099943161,0.36269083619117737,1.8370345830917358,0.10482505708932877,0.6693310141563416,2.5632596015930176,-0.13382622599601746,0.3782740533351898,2.537609577178955,0.016817325726151466,0.6791041493415833,3.2145578861236572,0.613258957862854,0.3914756178855896,3.1777539253234863,0.5551308393478394
729042350.2785,0.7993220090866089,0.9608469009399414,-0.42004284262657166,0.3003759980201721,0.952123761177063,-0.45831137895584106,0.9145796895027161,1.3718265295028687,-0.6627250909805298,0.1956166923046112,1.4202505350112915,-0.49408426880836487,0.9028147459030151,1.5334635972976685,-1.3392223119735718,0.22375774383544922,1.7833231687545776,-1.092223048210144,0.6941671967506409,1.8532943725585938,-0.09425024688243866,0.36280953884124756,1.8357166051864624,0.10018615424633026,0.6731074452400208,2.5626580715179443,-0.16199634969234467,0.37919729948043823,2.537301540374756,-0.03921554610133171,0.6806605458259583,3.2123091220855713,0.558954656124115,0.3916073441505432,3.1786980628967285,0.5229231715202332
729042583.6118,0.79986971616745,0.9598667621612549,-0.3817489743232727,0.30043119192123413,0.9527226686477661,-0.43620070815086365,0.9294899106025696,1.3447381258010864,-0.8887476921081543,0.19566985964775085,1.4383031129837036,-0.43536537885665894,0.9310529828071594,1.0063672065734863,-1.713178277015686,0.2244669497013092,1.788418173789978,-0.8632998466491699,0.6960020661354065,1.8548376560211182,-0.10494241863489151,0.36526232957839966,1.8397085666656494,0.11056281626224518,0.6800256967544556,2.5767507553100586,-0.2433941662311554,0.3841616213321686,2.555954694747925,-0.03313519433140755,0.6863572597503662,3.2251105308532715,0.45961013436317444,0.4030666947364807,3.189570665359497,0.4858627915382385
729042716.9451,0.8027523159980774,0.9593021273612976,-0.3931271731853485,0.3017278015613556,0.9546130895614624,-0.5206815004348755,0.9393448829650879,1.320107340812683,-0.9461537599563599,0.19662871956825256,1.4523179531097412,-0.5786905884742737,0.9257899522781372,1.1791881322860718,-1.8456151485443115,0.22837074100971222,1.8238400220870972,-1.0666029453277588,0.704879879951477,1.8557957410812378,-0.10471560060977936,0.3712133765220642,1.8426216840744019,0.11030887067317963,0.6949314475059509,2.5819571018218994,-0.2427184134721756,0.3971104025840759,2.563632011413574,-0.05162850022315979,0.7073434591293335,3.2286555767059326,0.5102814435958862,0.42467695474624634,3.1959872245788574,0.4797256886959076
729042850.2785,0.8045438528060913,0.957703173160553,-0.48198527097702026,0.30162927508354187,0.9546772241592407,-0.5492295026779175,0.9328087568283081,1.3547848463058472,-0.7716996073722839,0.19676998257637024,1.4543068408966064,-0.603851854801178,0.9019044637680054,1.5839695930480957,-1.4836125373840332,0.22846440970897675,1.8328803777694702,-1.2826305627822876,0.708490252494812,1.8537801504135132,-0.1039183959364891,0.3715478479862213,1.8411656618118286,0.10975120216608047,0.696475625038147,2.5811307430267334,-0.2296605408191681,0.39695310592651367,2.560450553894043,-0.05037141963839531,0.7065421938896179,3.2272043228149414,0.5312985181808472,0.42365020513534546,3.1942853927612305,0.4754292368888855
729042883.6118,0.805698573589325,0.9573371410369873,-0.45748013257980347,0.3015986680984497,0.9548885226249695,-0.546607255935669,0.9305245280265808,1.3693281412124634,-0.7526625394821167,0.19675752520561218,1.464607834815979,-0.584141731262207,0.9036332368850708,1.5258262157440186,-1.5169413089752197,0.22812338173389435,1.8470743894577026,-1.204939365386963,0.7109357118606567,1.8534029722213745,-0.10367313772439957,0.3725025951862335,1.8407630920410156,0.10960482060909271,0.6972505450248718,2.5788309574127197,-0.24391479790210724,0.3969426155090332,2.5611603260040283,-0.038422249257564545,0.7057837843894958,3.2250545024871826,0.4890855848789215,0.4234604835510254,3.1956610679626465,0.48761510848999023
729042916.9451,0.8058093190193176,0.9579917788505554,-0.4676473140716553,0.30154135823249817,0.9564524292945862,-0.43210649490356445,0.962906539440155,1.3242827653884888,-1.133361577987671,0.1967656910419464,1.470611572265625,-0.3004268407821655,0.9942886233329773,0.955718994140625,-2.0407700538635254,0.22593815624713898,1.859250783920288,-0.6280779838562012,0.7093815207481384,1.8688483238220215,-0.12845219671726227,0.37374454736709595,1.8539044857025146,0.13439278304576874,0.6948927044868469,2.5971333980560303,-0.35681575536727905,0.3971840739250183,2.576688289642334,-0.03837796300649643,0.6974453330039978,3.247162103652954,0.3093089461326599,0.4219677448272705,3.207505226135254,0.48030608892440796
729043050.2785,0.805759608745575,0.9610363245010376,-0.6170134544372559,0.3015674948692322,0.9566393494606018,-0.44763103127479553,0.9937020540237427,1.319433331489563,-1.3415701389312744,0.1968282014131546,1.491894245147705,-0.09507903456687927,1.0332856178283691,0.9008508324623108,-2.260735034942627,0.21802189946174622,1.8663831949234009,-0.11836260557174683,0.7058552503585815,1.8831828832626343,-0.1429351270198822,0.37351638078689575,1.8678600788116455,0.1491728127002716,0.6929428577423096,2.614089250564575,-0.396623432636261,0.3969897925853729,2.5805954933166504,-0.043700069189071655,0.685483455657959,3.2620203495025635,0.2877279818058014,0.41245126724243164,3.21163010597229,0.47888055443763733
729043083.6118,0.8049269914627075,0.9629490971565247,-0.679011344909668,0.30134347081184387,0.9563840627670288,-0.4918825030326843,0.9986858367919922,1.3220226764678955,-1.4493592977523804,0.19643400609493256,1.4962990283966064,-0.15569262206554413,1.0278236865997314,0.8839786052703857,-2.4268453121185303,0.21161647140979767,1.8646982908248901,-0.22330918908119202,0.6994724869728088,1.8950742483139038,-0.14745120704174042,0.37102869153022766,1.8786629438400269,0.1537686437368393,0.6820465326309204,2.619389772415161,-0.40662288665771484,0.38648682832717896,2.580317258834839,-0.07268404215574265,0.669683575630188,3.2683098316192627,0.2872847318649292,0.39576566219329834,3.2132270336151123,0.4571515619754791
729043216.9451,0.804174542427063,0.9642859697341919,-0.6383191347122192,0.3000088930130005,0.9573730230331421,-0.4945128858089447,0.9932205080986023,1.3237282037734985,-1.362905502319336,0.19240471720695496,1.5055216550827026,-0.2397765815258026,1.0204942226409912,0.8813537955284119,-2.293203830718994,0.20723934471607208,1.8773362636566162,-0.4306183457374573,0.6958935856819153,1.8976349830627441,-0.14235857129096985,0.3681933581829071,1.8789923191070557,0.1486097276210785,0.6743283271789551,2.6284425258636475,-0.40977662801742554,0.37807589769363403,2.5858304500579834,-0.09367209672927856,0.6560934782028198,3.2778542041778564,0.24841368198394775,0.3793136477470398,3.219637393951416,0.3987395763397217
729043250.2785,0.8041213154792786,0.9644609689712524,-0.6109199523925781,0.2996315062046051,0.9576963782310486,-0.4948161244392395,0.987022876739502,1.3248370885849,-1.3401521444320679,0.19370368123054504,1.5136432647705078,-0.39311009645462036,1.0125679969787598,0.8802257180213928,-2.2973129749298096,0.20972144603729248,1.8870989084243774,-0.7701885104179382,0.6959807872772217,1.896311640739441,-0.13557203114032745,0.3682056665420532,1.879408359527588,0.14181797206401825,0.6760439872741699,2.636406183242798,-0.39268583059310913,0.3798721432685852,2.596719264984131,-0.13215401768684387,0.6563400626182556,3.2867066860198975,0.2942627966403961,0.38034382462501526,3.234503746032715,0.3364992141723633
729043283.6118,0.8045347929000854,0.9653898477554321,-0.5939368009567261,0.29962122440338135,0.9579191207885742,-0.5103315114974976,0.9869022369384766,1.3253480195999146,-1.3114248514175415,0.1944194734096527,1.5095295906066895,-0.41841498017311096,1.0111277103424072,0.8903999328613281,-2.2573606967926025,0.21014997363090515,1.8823853731155396,-0.794261634349823,0.6969694495201111,1.8951621055603027,-0.11890200525522232,0.3689017593860626,1.8798084259033203,0.12520092725753784,0.6825939416885376,2.636528968811035,-0.371854692697525,0.3840157091617584,2.595855712890625,-0.2538354992866516,0.6724740862846375,3.2876808643341064,0.2844664752483368,0.39247816801071167,3.2353265285491943,0.1994851976633072
729043416.9451,0.8088744878768921,0.96551114320755,-0.5849968194961548,0.29961732029914856,0.9582244753837585,-0.525219202041626,0.9912578463554382,1.319928526878357,-1.257232904434204,0.19482681155204773,1.507891297340393,-0.47690922021865845,1.005226969718933,0.8893377184867859,-2.2019619941711426,0.2105766087770462,1.8816472291946411,-0.9384685754776001,0.696967601776123,1.892263412475586,-0.11711709201335907,0.36892086267471313,1.875940203666687,0.12328849732875824,0.6825933456420898,2.633009910583496,-0.37133949995040894,0.3841215968132019,2.5940487384796143,-0.20652401447296143,0.6728609800338745,3.284562110900879,0.26339206099510193,0.3945460915565491,3.23360276222229,0.25024163722991943
729043450.2785,0.8104592561721802,0.9655798077583313,-0.533509373664856,0.29949650168418884,0.9586827754974365,-0.5206718444824219,0.9963261485099792,1.3206747770309448,-1.2432658672332764,0.19564200937747955,1.506478190422058,-0.4930349290370941,1.006745457649231,0.890502393245697,-2.193610906600952,0.21097131073474884,1.88339364528656,-0.9725446701049805,0.6964410543441772,1.8915009498596191,-0.11562130600214005,0.36838749051094055,1.875839114189148,0.12170521914958954,0.6801928281784058,2.632723569869995,-0.3634645938873291,0.38218986988067627,2.5944488048553467,-0.1941930651664734,0.6680513620376587,3.2857589721679688,0.2789594829082489,0.38795575499534607,3.235896348953247,0.2829893231391907
729043583.6118,0.8193055391311646,0.9659831523895264,-0.43611234426498413,0.3011159896850586,0.9587281942367554,-0.49673500657081604,1.0050795078277588,1.3116252422332764,-1.1053006649017334,0.19649925827980042,1.5037600994110107,-0.479724645614624,1.0116794109344482,0.9038621187210083,-2.0345683097839355,0.21126696467399597,1.882765531539917,-0.9098449945449829,0.7035499215126038,1.8901808261871338,-0.10482092201709747,0.37390440702438354,1.8747837543487549,0.11075574159622192,0.685436487197876,2.6310198307037354,-0.3591768145561218,0.3859032690525055,2.5936663150787354,-0.22363069653511047,0.6790081262588501,3.284217596054077,0.2648787796497345,0.39778444170951843,3.2351419925689697,0.21655137836933136
729043616.9451,0.8227672576904297,0.9674462080001831,-0.39450258016586304,0.30140867829322815,0.9598169922828674,-0.35482367873191833,1.0088083744049072,1.3048006296157837,-1.077944040298462,0.19899669289588928,1.5027624368667603,-0.24253138899803162,1.0163872241973877,0.8921636343002319,-1.9745819568634033,0.21146328747272491,1.8819553852081299,-0.570847749710083,0.7084018588066101,1.88972008228302,-0.11236672103404999,0.3778804540634155,1.8742984533309937,0.11838433891534805,0.6865891218185425,2.631181001663208,-0.40493637323379517,0.38713404536247253,2.5982699394226074,-0.049242161214351654,0.6792434453964233,3.2866692543029785,0.19825579226016998,0.3979528844356537,3.2360830307006836,0.4363967478275299
729043650.2785,0.825397789478302,0.9674932956695557,-0.38078007102012634,0.301704078912735,0.9597690105438232,-0.30739837884902954,1.0146150588989258,1.298004388809204,-1.024688482284546,0.2016030251979828,1.5019484758377075,-0.15503382682800293,1.0258219242095947,0.9082472324371338,-1.8391780853271484,0.21164090931415558,1.8808475732803345,-0.42650318145751953,0.7143059968948364,1.8889881372451782,-0.11882032454013824,0.3806835412979126,1.8728259801864624,0.12500980496406555,0.6920321583747864,2.6311604976654053,-0.4364984631538391,0.3918735682964325,2.602200508117676,-0.026855340227484703,0.6848083138465881,3.2900097370147705,0.1446474939584732,0.40012311935424805,3.240272045135498,0.4215831160545349
729043683.6118,0.8251147270202637,0.9676024317741394,-0.3459209203720093,0.3019775152206421,0.9597417116165161,-0.34001606702804565,1.0135821104049683,1.297767162322998,-1.004310965538025,0.20578117668628693,1.5016335248947144,-0.23140573501586914,1.025554895401001,0.9108765125274658,-1.8494436740875244,0.2118007391691208,1.8798142671585083,-0.44565844535827637,0.7145782709121704,1.8884304761886597,-0.11722742021083832,0.38123899698257446,1.8721355199813843,0.12337382882833481,0.6922696232795715,2.6311938762664795,-0.3829866945743561,0.3922094702720642,2.6026830673217773,-0.054063308984041214,0.6851445436477661,3.290097951889038,0.18874025344848633,0.4001990258693695,3.243079662322998,0.40381020307540894
729043816.9451,0.8249245882034302,0.9670829176902771,-0.33670535683631897,0.3016640841960907,0.95939701795578,-0.35492807626724243,1.0135644674301147,1.3108935356140137,-0.9506281614303589,0.20565108954906464,1.4997594356536865,-0.24155941605567932,1.0240625143051147,0.9070082902908325,-1.7528364658355713,0.21144382655620575,1.8792872428894043,-0.6398319005966187,0.7142826318740845,1.8876041173934937,-0.10735279321670532,0.38111478090286255,1.8697397708892822,0.11352429538965225,0.692186713218689,2.630772829055786,-0.39935213327407837,0.39228639006614685,2.601490020751953,-0.1813761591911316,0.6851367950439453,3.2906367778778076,0.16975976526737213,0.3998261094093323,3.243195056915283,0.21020665764808655
729043850.2785,0.8251825571060181,0.9670971632003784,-0.3123630881309509,0.3006749451160431,0.9594952464103699,-0.37024199962615967,1.0126235485076904,1.3529497385025024,-0.8341149091720581,0.2054193913936615,1.499616265296936,-0.31017282605171204,1.0217232704162598,0.9301726818084717,-1.5885065793991089,0.21138760447502136,1.878027319908142,-0.7272133827209473,0.7146012783050537,1.886210560798645,-0.0914282351732254,0.37954121828079224,1.8696646690368652,0.09776722639799118,0.6982771754264832,2.630354166030884,-0.3944379687309265,0.39608728885650635,2.6009795665740967,-0.28158095479011536,0.7028316259384155,3.2904443740844727,0.1950310319662094,0.40907955169677734,3.246281623840332,0.1287042647600174
729043883.6118,0.8245922327041626,0.9669486284255981,-0.3120458722114563,0.2982105612754822,0.9593645334243774,-0.3517555594444275,1.0124878883361816,1.3500056266784668,-0.8958274126052856,0.2053331881761551,1.5004252195358276,-0.2910176217556,1.0206772089004517,0.9172146320343018,-1.6452171802520752,0.21134856343269348,1.8814595937728882,-0.6731517910957336,0.7123380303382874,1.8859703540802002,-0.0919792503118515,0.3757186532020569,1.8694322109222412,0.09827722609043121,0.6980370283126831,2.6332318782806396,-0.4066312313079834,0.39644855260849,2.602137804031372,-0.24743208289146423,0.7026879191398621,3.2983133792877197,0.15493130683898926,0.4094693064689636,3.253551959991455,0.1392865777015686
