frame,0_x,0_y,1_x,1_y,2_x,2_y,3_x,3_y,4_x,4_y,5_x,5_y,6_x,6_y,7_x,7_y,8_x,8_y,9_x,9_y,10_x,10_y,11_x,11_y,12_x,12_y,13_x,13_y,14_x,14_y,15_x,15_y,16_x,16_y,17_x,17_y,18_x,18_y,19_x,19_y,20_x,20_y,21_x,21_y,22_x,22_y,23_x,23_y,24_x,24_y,25_x,25_y,26_x,26_y,27_x,27_y,28_x,28_y,29_x,29_y,30_x,30_y,31_x,31_y,32_x,32_y
0,0.7900692224502563,0.4005257785320282,0.7929977178573608,0.39304184913635254,0.793376088142395,0.39310410618782043,0.7937326431274414,0.39320552349090576,0.793798565864563,0.39271557331085205,0.79466712474823,0.39260220527648926,0.7955601811408997,0.39261239767074585,0.7983680367469788,0.3983391523361206,0.8011369109153748,0.39866113662719727,0.7928148508071899,0.41030269861221313,0.7936728596687317,0.4104011356830597,0.7843744158744812,0.4515974521636963,0.8239603638648987,0.45315414667129517,0.7525289058685303,0.5215983390808105,0.8646124005317688,0.42933160066604614,0.7172001600265503,0.5429477095603943,0.8351765871047974,0.37805676460266113,0.7067669630050659,0.5489453077316284,0.8306146264076233,0.35967257618904114,0.7059409618377686,0.5411360859870911,0.8259689211845398,0.3646612763404846,0.7103413939476013,0.5414531230926514,0.825261116027832,0.3766205608844757,0.7884649634361267,0.6068495512008667,0.8105506896972656,0.6073093414306641,0.7677951455116272,0.7119522094726562,0.8109169602394104,0.7099032402038574,0.7529134154319763,0.8190970420837402,0.8087707161903381,0.8195785284042358,0.7564180493354797,0.8378539681434631,0.811748743057251,0.8385211229324341,0.7254883646965027,0.8345525860786438,0.7920163869857788,0.8442943096160889
1,0.790459394454956,0.400637686252594,0.7931391000747681,0.3933086395263672,0.793403685092926,0.3934912383556366,0.7937269806861877,0.39371922612190247,0.7943705916404724,0.39287176728248596,0.7953383326530457,0.3927648067474365,0.796278715133667,0.39277148246765137,0.7979831099510193,0.3992864191532135,0.8017199039459229,0.39914312958717346,0.7927214503288269,0.4104446470737457,0.7936735153198242,0.4105505645275116,0.7798325419425964,0.45707181096076965,0.8270152807235718,0.45085495710372925,0.7520772814750671,0.5216756463050842,0.8646653890609741,0.42635735869407654,0.7176700234413147,0.5480400919914246,0.8353883028030396,0.3778935670852661,0.7069674134254456,0.5539730787277222,0.8310889005661011,0.3581598997116089,0.7061716318130493,0.5473781824111938,0.8271484375,0.3641917407512665,0.7107259631156921,0.5464016199111938,0.8276854157447815,0.3757394850254059,0.7887129187583923,0.6062039732933044,0.8116956353187561,0.6063368916511536,0.7683814167976379,0.7104111909866333,0.8107901215553284,0.710247278213501,0.7541045546531677,0.8170551657676697,0.8093827962875366,0.8197258710861206,0.7584947347640991,0.8351129293441772,0.8118857741355896,0.8390828967094421,0.7267400026321411,0.8336237668991089,0.791336715221405,0.8359282612800598
2,0.7907922267913818,0.4015752375125885,0.7932052612304688,0.3942233622074127,0.7934038639068604,0.39450913667678833,0.7936543226242065,0.39482688903808594,0.7948508858680725,0.39366182684898376,0.795942485332489,0.39357689023017883,0.7969940304756165,0.39362189173698425,0.7973206639289856,0.40062493085861206,0.8025151491165161,0.40037065744400024,0.792590856552124,0.4113245904445648,0.793701708316803,0.41152021288871765,0.7782706022262573,0.4588190019130707,0.828810453414917,0.4501044452190399,0.7520751357078552,0.522091269493103,0.8647732138633728,0.4251374900341034,0.7183298468589783,0.5515207648277283,0.8361219167709351,0.3777529001235962,0.7074511647224426,0.556726336479187,0.831908643245697,0.3576485216617584,0.7067871689796448,0.551408052444458,0.8286288380622864,0.3639661371707916,0.7115393877029419,0.550521194934845,0.8296266198158264,0.37558308243751526,0.788737952709198,0.606073796749115,0.8140981793403625,0.60626620054245,0.7684573531150818,0.7091674208641052,0.8108016848564148,0.7110030055046082,0.7546917200088501,0.8163788914680481,0.8100013732910156,0.820332407951355,0.7588910460472107,0.8347933292388916,0.8122705817222595,0.8397725820541382,0.7271610498428345,0.832383930683136,0.7910454273223877,0.8336167931556702
3,0.7913579940795898,0.4025975465774536,0.7933390736579895,0.39517244696617126,0.7934166789054871,0.39549946784973145,0.7936185002326965,0.39585432410240173,0.7953948378562927,0.39452219009399414,0.7965739965438843,0.394435316324234,0.7977116703987122,0.39448076486587524,0.7968196272850037,0.40164217352867126,0.8032177090644836,0.40117862820625305,0.7925862073898315,0.4121227264404297,0.7939388155937195,0.4123750329017639,0.7776006460189819,0.4595276117324829,0.8295366168022156,0.4497510492801666,0.7521046996116638,0.5223709344863892,0.8651235699653625,0.42443686723709106,0.7189122438430786,0.5536194443702698,0.8364508152008057,0.3775246739387512,0.7080454230308533,0.5584471821784973,0.8322761058807373,0.3570493459701538,0.7074326276779175,0.5536816716194153,0.8291602730751038,0.3633940815925598,0.7121679186820984,0.553019642829895,0.8302515745162964,0.3744928538799286,0.788748562335968,0.6063631176948547,0.8151658773422241,0.6064796447753906,0.7684529423713684,0.7090797424316406,0.8107460141181946,0.7120751142501831,0.7548689246177673,0.8164270520210266,0.8105118870735168,0.8207141160964966,0.7589426636695862,0.8348884582519531,0.8127038478851318,0.8398976922035217,0.7273073196411133,0.8318987488746643,0.7910219430923462,0.8322573304176331
4,0.7917299270629883,0.40370041131973267,0.79338139295578,0.3962315320968628,0.7934096455574036,0.3966001868247986,0.7934887409210205,0.39699557423591614,0.79574054479599,0.39546871185302734,0.7969933748245239,0.39536669850349426,0.7982028126716614,0.3953953683376312,0.796177864074707,0.4025959372520447,0.8036131262779236,0.40185585618019104,0.7925765514373779,0.41292035579681396,0.7941755056381226,0.4131626486778259,0.7773817777633667,0.4598847031593323,0.8302187323570251,0.4492930769920349,0.7522264122962952,0.5232571959495544,0.8655861616134644,0.42414894700050354,0.7199256420135498,0.5569919347763062,0.8366737365722656,0.3769456744194031,0.7093196511268616,0.5611947774887085,0.832368016242981,0.3561532199382782,0.7086989879608154,0.5563600063323975,0.8292285203933716,0.36240947246551514,0.713276743888855,0.5557923913002014,0.8303433060646057,0.37322112917900085,0.7888208031654358,0.6074853539466858,0.8160408139228821,0.6073395609855652,0.7684491872787476,0.7090895771980286,0.810663104057312,0.712370753288269,0.7548179030418396,0.8164772391319275,0.8109899759292603,0.8207219243049622,0.7588512897491455,0.8349573612213135,0.8127851486206055,0.8397100567817688,0.7277017831802368,0.8312551975250244,0.7911682724952698,0.8305977582931519
5,0.7918580770492554,0.40464821457862854,0.7933682203292847,0.3970983624458313,0.7933050990104675,0.39744648337364197,0.7932265400886536,0.39781850576400757,0.7957685589790344,0.39637401700019836,0.7970384359359741,0.3962888717651367,0.7982580661773682,0.3963387906551361,0.7956356406211853,0.4031555652618408,0.803607165813446,0.40247079730033875,0.7925688028335571,0.4135895073413849,0.794331967830658,0.4138759672641754,0.7774094939231873,0.4598994851112366,0.8304563760757446,0.44914981722831726,0.7528854608535767,0.5239697694778442,0.8659072518348694,0.4241177439689636,0.7213132381439209,0.5609320998191833,0.836758553981781,0.376723974943161,0.7114424109458923,0.567074179649353,0.8323906064033508,0.3560056686401367,0.7108238935470581,0.5621154308319092,0.8292450308799744,0.36226141452789307,0.7150474786758423,0.5605103373527527,0.8303176760673523,0.3732151687145233,0.7889871597290039,0.6075559258460999,0.816502571105957,0.6076157093048096,0.7684484720230103,0.708497166633606,0.8105402588844299,0.7123409509658813,0.7547832131385803,0.8166576623916626,0.811345636844635,0.820740282535553,0.758804202079773,0.8352237343788147,0.812917172908783,0.8396023511886597,0.7276531457901001,0.8312705755233765,0.7916814088821411,0.830327570438385
6,0.7921082973480225,0.40483900904655457,0.793404757976532,0.39723172783851624,0.7933048605918884,0.39756834506988525,0.7931910753250122,0.39792564511299133,0.7959190607070923,0.3965385854244232,0.7971900105476379,0.3964709937572479,0.7984058260917664,0.39653733372688293,0.7954515218734741,0.4032268226146698,0.8036210536956787,0.40261825919151306,0.7925758361816406,0.41373664140701294,0.794524610042572,0.4140506386756897,0.7774258255958557,0.46002042293548584,0.8305044174194336,0.4490741789340973,0.7537819743156433,0.5247732400894165,0.8661374449729919,0.4242306053638458,0.7227656245231628,0.5622738599777222,0.8369049429893494,0.376693993806839,0.7130670547485352,0.5685276985168457,0.8324244022369385,0.3560197055339813,0.7123708724975586,0.5635887980461121,0.8293217420578003,0.3622729480266571,0.7164278626441956,0.5618138909339905,0.8304060697555542,0.37326470017433167,0.7890883684158325,0.6075569987297058,0.816795289516449,0.6076557040214539,0.7684455513954163,0.7080839276313782,0.8102720975875854,0.7123185992240906,0.7547556161880493,0.8168690204620361,0.8114784359931946,0.8207399845123291,0.7587854862213135,0.83550626039505,0.8129158616065979,0.8394550085067749,0.7276428937911987,0.8312629461288452,0.7916715741157532,0.8305348753929138
7,0.7921454310417175,0.4048076868057251,0.7934086322784424,0.39720582962036133,0.7932949662208557,0.39754292368888855,0.79314124584198,0.39789965748786926,0.7959452867507935,0.3965063691139221,0.7972120642662048,0.39643365144729614,0.7984218597412109,0.39649301767349243,0.7953435778617859,0.40321439504623413,0.8036282658576965,0.4025755226612091,0.7925683259963989,0.4137321412563324,0.7945585250854492,0.4140278398990631,0.7775846123695374,0.4601536989212036,0.8305928111076355,0.44871649146080017,0.7551475167274475,0.5266370177268982,0.8662384748458862,0.42430952191352844,0.7255825400352478,0.5673319697380066,0.8370189070701599,0.376686692237854,0.7163578867912292,0.5756554007530212,0.8324351906776428,0.356028288602829,0.7151358127593994,0.5691156983375549,0.8294095396995544,0.3622850477695465,0.7187058925628662,0.5668171644210815,0.8305451273918152,0.37331196665763855,0.7891197204589844,0.6076204776763916,0.8168767690658569,0.6076836585998535,0.768482506275177,0.7081302404403687,0.8102058172225952,0.7123104333877563,0.7547270059585571,0.8175407648086548,0.8114530444145203,0.8207812309265137,0.7587254047393799,0.83640056848526,0.8128336071968079,0.8392602205276489,0.7276099920272827,0.8309571743011475,0.7916818857192993,0.8302642107009888
8,0.7922315001487732,0.4047848880290985,0.7934262752532959,0.39716941118240356,0.7932947278022766,0.39749976992607117,0.793124794960022,0.3978496789932251,0.7959988117218018,0.3964793086051941,0.7972697615623474,0.39640504121780396,0.7984874844551086,0.396460622549057,0.7953283190727234,0.40316683053970337,0.8036929965019226,0.40253904461860657,0.7925743460655212,0.413724809885025,0.7946483492851257,0.4140237867832184,0.777675211429596,0.46010732650756836,0.8307402729988098,0.44841185212135315,0.7569612860679626,0.5275382995605469,0.866237223148346,0.4248153567314148,0.728486955165863,0.5719870924949646,0.8372431993484497,0.37782007455825806,0.7193191647529602,0.5818917155265808,0.832442581653595,0.35689565539360046,0.7179306745529175,0.574594259262085,0.8295290470123291,0.36317482590675354,0.7217338681221008,0.5720303654670715,0.8307173848152161,0.3743048310279846,0.7891409993171692,0.6076177358627319,0.8169190287590027,0.6076439023017883,0.7685073018074036,0.7081446051597595,0.8102046251296997,0.7124512195587158,0.7547191381454468,0.8182945847511292,0.8114670515060425,0.8210770487785339,0.7587003707885742,0.837332546710968,0.8128110766410828,0.8392554521560669,0.7275841236114502,0.8306556344032288,0.7917173504829407,0.8302105665206909
9,0.7922843098640442,0.4047655463218689,0.7934510707855225,0.3971391022205353,0.7932973504066467,0.3974642753601074,0.7931212782859802,0.3978091776371002,0.7960450053215027,0.3964576721191406,0.7973171472549438,0.39638349413871765,0.7985391020774841,0.39643722772598267,0.795339047908783,0.4031282067298889,0.803758978843689,0.40250930190086365,0.7925783395767212,0.4137118458747864,0.7947000861167908,0.4140144884586334,0.7777605056762695,0.4600549340248108,0.8307007551193237,0.44835638999938965,0.7575996518135071,0.5285072326660156,0.8662312030792236,0.4258497357368469,0.7293065190315247,0.5749532580375671,0.8373863697052002,0.37902089953422546,0.7200822830200195,0.5840246081352234,0.8324548602104187,0.3580317199230194,0.718761682510376,0.5767700672149658,0.8296312093734741,0.36409154534339905,0.7227784991264343,0.5746793746948242,0.8308142423629761,0.3752260208129883,0.7891496419906616,0.6076406836509705,0.81690514087677,0.6076647639274597,0.7685078978538513,0.708233118057251,0.8101853132247925,0.7125297784805298,0.7546384334564209,0.8188371062278748,0.8114743828773499,0.8213157653808594,0.7586846947669983,0.8382659554481506,0.8127058744430542,0.8392183780670166,0.7275802493095398,0.8303921222686768,0.79189133644104,0.8301572799682617
10,0.7922824025154114,0.40478622913360596,0.7934452891349792,0.39714592695236206,0.7932730913162231,0.39746519923210144,0.7930737733840942,0.3978060483932495,0.7960371375083923,0.39647579193115234,0.7973036170005798,0.3963998258113861,0.7985201478004456,0.39645084738731384,0.7953023314476013,0.40310338139533997,0.8037468194961548,0.4024844169616699,0.7925743460655212,0.41370800137519836,0.7947041392326355,0.4140135943889618,0.7778394222259521,0.4601480960845947,0.8306725025177002,0.4483606219291687,0.7584670782089233,0.5312967300415039,0.866377592086792,0.4273092746734619,0.7314823269844055,0.5789381861686707,0.8376098275184631,0.38038527965545654,0.7222483158111572,0.5889795422554016,0.832488477230072,0.35953831672668457,0.7208348512649536,0.5809195637702942,0.8297701478004456,0.3652406632900238,0.7245122790336609,0.57835453748703,0.8309500217437744,0.37623241543769836,0.7890575528144836,0.607641875743866,0.8168107271194458,0.6076765656471252,0.7684569954872131,0.7082692384719849,0.8101093173027039,0.7125335931777954,0.7546181082725525,0.819018542766571,0.8114935755729675,0.8214941620826721,0.7586600184440613,0.8385059237480164,0.812674880027771,0.8391988277435303,0.7276586294174194,0.8302111625671387,0.7919263243675232,0.8298997282981873
11,0.7920860052108765,0.40485191345214844,0.7932578325271606,0.3971855640411377,0.7930760979652405,0.39749231934547424,0.7928737998008728,0.3978244364261627,0.7957879900932312,0.39653173089027405,0.7970923185348511,0.39644166827201843,0.7983377575874329,0.3964798152446747,0.7952314019203186,0.4030841588973999,0.8037148714065552,0.40246444940567017,0.792465329170227,0.41373714804649353,0.7945882678031921,0.4140418469905853,0.7778839468955994,0.4603402316570282,0.8306461572647095,0.44834405183792114,0.7588156461715698,0.5340935587882996,0.8664903044700623,0.42849981784820557,0.7313938140869141,0.5818479657173157,0.8379759192466736,0.38156893849372864,0.7223503589630127,0.5915440320968628,0.8326542377471924,0.36100006103515625,0.7209790945053101,0.5833978056907654,0.8300796747207642,0.3664121627807617,0.7246072888374329,0.580978274345398,0.8312673568725586,0.3771303594112396,0.7887672781944275,0.6075910329818726,0.8167310357093811,0.6076752543449402,0.7683493494987488,0.7082119584083557,0.8099328279495239,0.7124726176261902,0.7546052932739258,0.8191744685173035,0.8115226030349731,0.8216555118560791,0.7586260437965393,0.838618278503418,0.8126690983772278,0.8391947746276855,0.7276735901832581,0.8301690220832825,0.7919321060180664,0.8297839760780334
12,0.7919679880142212,0.40487757325172424,0.7931521534919739,0.39718976616859436,0.792962372303009,0.39748990535736084,0.7927571535110474,0.3978175222873688,0.795652449131012,0.3965432941913605,0.79697585105896,0.39644551277160645,0.7982369065284729,0.39647695422172546,0.7951911687850952,0.40306586027145386,0.8037016987800598,0.4024542570114136,0.7924019694328308,0.413747638463974,0.7945219874382019,0.41405189037323,0.7779198288917542,0.4603572189807892,0.8306134939193726,0.4483264982700348,0.7590957880020142,0.5351184010505676,0.8665192723274231,0.42979490756988525,0.7315714359283447,0.5825342535972595,0.8384017944335938,0.3826683759689331,0.7227976322174072,0.5920625925064087,0.832875669002533,0.36249738931655884,0.721539318561554,0.584330677986145,0.830394446849823,0.36795780062675476,0.7250581979751587,0.5819723010063171,0.8315829038619995,0.3779838979244232,0.7885170578956604,0.6074729561805725,0.8166760802268982,0.6076318025588989,0.7682273387908936,0.7081848382949829,0.8097079396247864,0.7122886180877686,0.7545897960662842,0.8192785382270813,0.8115242719650269,0.8218112587928772,0.7585942149162292,0.83869868516922,0.8126394748687744,0.839187741279602,0.7276884913444519,0.8301438093185425,0.7919297814369202,0.8297955393791199
13,0.791867196559906,0.40486815571784973,0.7930936217308044,0.3971601128578186,0.7928988337516785,0.39744511246681213,0.7926917672157288,0.3977601230144501,0.795573353767395,0.3965388834476471,0.7969038486480713,0.39644119143486023,0.7981707453727722,0.3964708149433136,0.7951746582984924,0.4029875099658966,0.8036729097366333,0.402446985244751,0.79231858253479,0.41374287009239197,0.7944402694702148,0.4140462279319763,0.7778908610343933,0.4603234827518463,0.8305712342262268,0.448326975107193,0.7589645385742188,0.5347972512245178,0.8666731715202332,0.4318058490753174,0.7325090765953064,0.5816289782524109,0.8389502167701721,0.38405904173851013,0.7234693169593811,0.5915205478668213,0.8334844708442688,0.3643835484981537,0.7221994400024414,0.5838741064071655,0.8309937715530396,0.36945074796676636,0.7256905436515808,0.5812123417854309,0.8320576548576355,0.3790852427482605,0.7878448367118835,0.607480525970459,0.8162391185760498,0.6076327562332153,0.7675313949584961,0.7080298662185669,0.80951327085495,0.7119393348693848,0.7545779347419739,0.8192100524902344,0.8115261793136597,0.8219296932220459,0.7586346864700317,0.8385941386222839,0.8125953078269958,0.839182436466217,0.7276862263679504,0.830058753490448,0.7919350266456604,0.8298463821411133
14,0.7914642691612244,0.40486347675323486,0.792878270149231,0.39713162183761597,0.7926998734474182,0.3973926305770874,0.7925161719322205,0.39768368005752563,0.7952674031257629,0.3965343236923218,0.7966095805168152,0.396435409784317,0.7978948950767517,0.3964621126651764,0.7950920462608337,0.40284836292266846,0.803482174873352,0.40242746472358704,0.792073667049408,0.41371023654937744,0.794131875038147,0.414029985666275,0.7777760028839111,0.460195928812027,0.8304377794265747,0.44831380248069763,0.7585228681564331,0.5345157384872437,0.866809606552124,0.43314477801322937,0.7317296862602234,0.5800564885139465,0.8394191861152649,0.38543930649757385,0.7226069569587708,0.5896489024162292,0.8342913389205933,0.3664054572582245,0.7213950753211975,0.5820239782333374,0.8316678404808044,0.37108516693115234,0.7250592708587646,0.5795911550521851,0.8325121998786926,0.3802371323108673,0.7872341275215149,0.6075233817100525,0.8155727982521057,0.6076690554618835,0.7663405537605286,0.7080003023147583,0.8092635273933411,0.7116858959197998,0.7545700073242188,0.8190563321113586,0.8115248084068298,0.8220025300979614,0.7586503624916077,0.8382543921470642,0.8125457167625427,0.8391780257225037,0.7276837229728699,0.8298220634460449,0.7918775081634521,0.8298668265342712
15,0.7912806868553162,0.4048190116882324,0.792776882648468,0.39705711603164673,0.792599618434906,0.39728814363479614,0.79242342710495,0.39755120873451233,0.7951412796974182,0.3965091407299042,0.7964890003204346,0.39641255140304565,0.7977808713912964,0.39644402265548706,0.7950608730316162,0.40267252922058105,0.8033902049064636,0.40242016315460205,0.7919429540634155,0.41362226009368896,0.7940112948417664,0.4139750301837921,0.7776166796684265,0.45992276072502136,0.8302468657493591,0.4483143389225006,0.7584257125854492,0.5336629748344421,0.8668615818023682,0.43420708179473877,0.7312596440315247,0.5796729326248169,0.8396717309951782,0.38629069924354553,0.7220878601074219,0.5883613228797913,0.8348243236541748,0.36726391315460205,0.7209020853042603,0.5808915495872498,0.8320499658584595,0.3717838525772095,0.7246095538139343,0.5788187980651855,0.8327421545982361,0.380868524312973,0.7864938974380493,0.6078568696975708,0.8149157166481018,0.6078890562057495,0.7657644152641296,0.707709789276123,0.8090812563896179,0.7114596962928772,0.7545804381370544,0.8185593485832214,0.8115218877792358,0.822026252746582,0.7586994171142578,0.837533712387085,0.8124216198921204,0.8391562700271606,0.7276766896247864,0.8294976949691772,0.7918717861175537,0.8298161029815674
16,0.7904636859893799,0.40449947118759155,0.792378842830658,0.3966600000858307,0.7922431826591492,0.39684104919433594,0.7921165227890015,0.3970504403114319,0.7946798205375671,0.3961791396141052,0.7960534691810608,0.39606180787086487,0.797387957572937,0.39606764912605286,0.7950352430343628,0.4021424651145935,0.8031141757965088,0.4021623432636261,0.7914979457855225,0.41331300139427185,0.7935886979103088,0.4137371778488159,0.7774797677993774,0.4597656726837158,0.8301404118537903,0.4482855200767517,0.7550920844078064,0.5300970077514648,0.8668344616889954,0.43629705905914307,0.726215124130249,0.5656912326812744,0.8404802083969116,0.38740020990371704,0.7159519195556641,0.5703623294830322,0.835975706577301,0.36798620223999023,0.7149900794029236,0.5658553242683411,0.8329219818115234,0.37198010087013245,0.719679594039917,0.5649052858352661,0.8333296179771423,0.3810797333717346,0.7855182886123657,0.6078537106513977,0.8135469555854797,0.6078662872314453,0.7645174860954285,0.706367015838623,0.8088129758834839,0.7107900977134705,0.7546557188034058,0.8179838061332703,0.8115150928497314,0.8220829367637634,0.758992612361908,0.836467981338501,0.8123251795768738,0.8391914367675781,0.727673351764679,0.8295546770095825,0.7919089198112488,0.8298464417457581
17,0.790397047996521,0.40422144532203674,0.7923585772514343,0.39629068970680237,0.7922155261039734,0.39644408226013184,0.7920806407928467,0.39661547541618347,0.7946391701698303,0.3958607316017151,0.7959998846054077,0.39574241638183594,0.7973174452781677,0.3957444727420807,0.7950132489204407,0.4017890989780426,0.8030079007148743,0.4019908905029297,0.7913333177566528,0.4131532907485962,0.7934503555297852,0.4136325418949127,0.77713543176651,0.4594174325466156,0.8296708464622498,0.4481305778026581,0.7515500783920288,0.5227773189544678,0.8667973875999451,0.43824073672294617,0.7202765345573425,0.5517407059669495,0.8412725329399109,0.3889996111392975,0.7106531262397766,0.5547696948051453,0.8370915651321411,0.3693029582500458,0.7103894948959351,0.5481513142585754,0.833620011806488,0.3728824853897095,0.7148206233978271,0.5478945970535278,0.8336761593818665,0.3824846148490906,0.7847108244895935,0.6074814796447754,0.8124269843101501,0.6073072552680969,0.7628640532493591,0.7042586803436279,0.8083845376968384,0.7097967863082886,0.7546629309654236,0.8173299431800842,0.8115009069442749,0.8220844268798828,0.7590122222900391,0.8357994556427002,0.8123225569725037,0.8392714262008667,0.727678120136261,0.8295394778251648,0.7916014194488525,0.8298788666725159
18,0.7904101014137268,0.40417802333831787,0.792361319065094,0.39618414640426636,0.7922143340110779,0.3963174521923065,0.7920711040496826,0.3964625895023346,0.794636607170105,0.39579448103904724,0.7959876656532288,0.395681232213974,0.7972875237464905,0.3956882059574127,0.7949737906455994,0.40166550874710083,0.8028271198272705,0.40198349952697754,0.7912768721580505,0.4131464958190918,0.7934110760688782,0.41363003849983215,0.7764815092086792,0.4590885639190674,0.8291753530502319,0.44811850786209106,0.7493774890899658,0.516010046005249,0.866792619228363,0.4391843378543854,0.7181434035301208,0.5425701141357422,0.8419726490974426,0.3895445466041565,0.7094479203224182,0.5437997579574585,0.8380160927772522,0.36915329098701477,0.7087204456329346,0.5370681881904602,0.8342140913009644,0.3728688061237335,0.7128392457962036,0.5374655723571777,0.8340526819229126,0.38295209407806396,0.7840880751609802,0.6073041558265686,0.8120232820510864,0.6070398688316345,0.7613946795463562,0.7026838064193726,0.807975172996521,0.7093502879142761,0.7546600699424744,0.8168349266052246,0.8114844560623169,0.8220254182815552,0.7591261267662048,0.8354625701904297,0.8122928142547607,0.839232325553894,0.7277818918228149,0.8295021653175354,0.791638195514679,0.8298898339271545
19,0.7902005910873413,0.4040139317512512,0.7922736406326294,0.39587610960006714,0.7921206951141357,0.39601004123687744,0.7919684052467346,0.3961515426635742,0.7944660782814026,0.3955405354499817,0.7957618832588196,0.39544251561164856,0.7969924211502075,0.39545243978500366,0.7948811054229736,0.4015807509422302,0.8023179173469543,0.4018734097480774,0.7908143997192383,0.4131425619125366,0.7928549647331238,0.41362619400024414,0.77529376745224,0.45876502990722656,0.8284828066825867,0.4481179416179657,0.7427579760551453,0.5028884410858154,0.8666924238204956,0.44060271978378296,0.7089626789093018,0.5132088661193848,0.8428760170936584,0.39024195075035095,0.6996411085128784,0.5117489099502563,0.8397282958030701,0.368851900100708,0.7006731033325195,0.5035395622253418,0.8354313969612122,0.372707337141037,0.7042762637138367,0.5055329203605652,0.8349552750587463,0.38284772634506226,0.7814307808876038,0.6073383092880249,0.810005784034729,0.606728732585907,0.7589324712753296,0.7015396356582642,0.8078688383102417,0.7090961933135986,0.7543942928314209,0.8151880502700806,0.8114818334579468,0.8219718933105469,0.759085476398468,0.83448326587677,0.8122984170913696,0.8392297029495239,0.7278282642364502,0.8289585709571838,0.7918053269386292,0.8299015164375305
20,0.7889300584793091,0.4036213755607605,0.7914727330207825,0.3953402638435364,0.791328489780426,0.3954600989818573,0.7912015318870544,0.395608127117157,0.793718695640564,0.3951464891433716,0.7950910329818726,0.39511504769325256,0.7964451313018799,0.39519211649894714,0.7943185567855835,0.401369571685791,0.802063524723053,0.40182527899742126,0.7892215251922607,0.4130350649356842,0.7915852069854736,0.413541316986084,0.7739070057868958,0.45802009105682373,0.8280771970748901,0.4480969309806824,0.7357808351516724,0.4875240623950958,0.8667563199996948,0.44206199049949646,0.7002955079078674,0.4846283495426178,0.8437649011611938,0.39068135619163513,0.6910431385040283,0.47667139768600464,0.8409228920936584,0.3687071204185486,0.693842351436615,0.47018569707870483,0.8365306258201599,0.372543603181839,0.6969013810157776,0.4744669497013092,0.8358882665634155,0.38272225856781006,0.7800987958908081,0.6078177690505981,0.809389054775238,0.6068217754364014,0.7567026019096375,0.7003940939903259,0.8078812956809998,0.709098219871521,0.7535256743431091,0.8137407302856445,0.8115078210830688,0.8218705654144287,0.7585192918777466,0.8335791230201721,0.8123601675033569,0.8391808867454529,0.7277571558952332,0.8283217549324036,0.7920433282852173,0.8299257159233093
21,0.7880324721336365,0.4033185541629791,0.7909275889396667,0.394966185092926,0.7908082604408264,0.3950772285461426,0.790698230266571,0.39523380994796753,0.7931318879127502,0.39490535855293274,0.7945276498794556,0.39494502544403076,0.7959272265434265,0.3950851559638977,0.7938258647918701,0.4012196660041809,0.8018063306808472,0.40180736780166626,0.7881768941879272,0.4129219353199005,0.7905957102775574,0.4134652614593506,0.7719658017158508,0.45672374963760376,0.8273000717163086,0.44837579131126404,0.7343025207519531,0.4774397611618042,0.8667135238647461,0.44293344020843506,0.6987776160240173,0.4691758155822754,0.844325602054596,0.3905511498451233,0.6888364553451538,0.46125686168670654,0.8416723608970642,0.36856114864349365,0.6909376978874207,0.45432427525520325,0.8372517824172974,0.3724299669265747,0.6943041086196899,0.4578304588794708,0.8367225527763367,0.38234245777130127,0.7789750695228577,0.6083598732948303,0.8085604906082153,0.6071842908859253,0.7553576827049255,0.6999485492706299,0.8078567981719971,0.7092840671539307,0.7523717284202576,0.8126944303512573,0.8114586472511292,0.8218644261360168,0.7574803233146667,0.8328565359115601,0.8123786449432373,0.8391723036766052,0.727230429649353,0.82801753282547,0.7919050455093384,0.830136775970459
22,0.7856464982032776,0.40297314524650574,0.7882011532783508,0.39474138617515564,0.7879529595375061,0.3948400616645813,0.7877163290977478,0.3950023651123047,0.7909786105155945,0.3947434723377228,0.7925443053245544,0.394802987575531,0.7940711975097656,0.394959419965744,0.7908437848091125,0.4010731875896454,0.7996152639389038,0.40162956714630127,0.785351574420929,0.4126007854938507,0.7883394360542297,0.4131011664867401,0.7697638869285583,0.45337608456611633,0.8240209817886353,0.4489987790584564,0.729812741279602,0.4533344507217407,0.8643162250518799,0.4438771903514862,0.6969997882843018,0.42369601130485535,0.8447772264480591,0.39069584012031555,0.688179075717926,0.41140320897102356,0.8424762487411499,0.36863017082214355,0.6907643675804138,0.406792551279068,0.8381359577178955,0.37238338589668274,0.6935362219810486,0.4114648997783661,0.83769690990448,0.38171353936195374,0.7779894471168518,0.6084310412406921,0.8070288300514221,0.6074270009994507,0.7517339587211609,0.6975808143615723,0.8074796795845032,0.7095794081687927,0.7478572130203247,0.8126800060272217,0.8111494183540344,0.8220419883728027,0.7528981566429138,0.8327352404594421,0.81224125623703,0.8392742872238159,0.7231103777885437,0.8248209357261658,0.7917472720146179,0.8303446173667908
23,0.7841025590896606,0.40236330032348633,0.7864999175071716,0.3942793607711792,0.786060631275177,0.39438948035240173,0.7856221795082092,0.39457470178604126,0.7897171378135681,0.3943784534931183,0.7913975119590759,0.39451122283935547,0.7930494546890259,0.39471200108528137,0.788474440574646,0.40073278546333313,0.7981611490249634,0.40132108330726624,0.7832128405570984,0.4115550220012665,0.7867199182510376,0.41206568479537964,0.7668609619140625,0.44967761635780334,0.8213914036750793,0.449022501707077,0.725820004940033,0.4346204400062561,0.8622295260429382,0.4445604979991913,0.6976604461669922,0.4011707305908203,0.8450438380241394,0.3905371427536011,0.6896359920501709,0.38992077112197876,0.8435722589492798,0.36853083968162537,0.6917771697044373,0.38623034954071045,0.8387905359268188,0.3714679479598999,0.694578230381012,0.3910897970199585,0.838334858417511,0.3802157938480377,0.77686607837677,0.6082570552825928,0.8059169054031372,0.6074343919754028,0.7495700716972351,0.6977370381355286,0.8066349625587463,0.7096273899078369,0.7429801225662231,0.8128081560134888,0.8103218674659729,0.8222452402114868,0.7475625276565552,0.832781195640564,0.8115225434303284,0.83939129114151,0.7185328602790833,0.8230233192443848,0.7911173105239868,0.8303289413452148
24,0.7840160131454468,0.40235182642936707,0.7862185835838318,0.3942537307739258,0.7856906056404114,0.3943517804145813,0.7851361036300659,0.39452704787254333,0.789394199848175,0.3943766951560974,0.7910816073417664,0.394511342048645,0.7927438020706177,0.3947136700153351,0.7873575687408447,0.4005773663520813,0.7973359227180481,0.40123775601387024,0.7826381921768188,0.41137948632240295,0.7862258553504944,0.4118841588497162,0.7652502059936523,0.4470024108886719,0.8198062181472778,0.4490252435207367,0.7257316708564758,0.4290342330932617,0.8614674210548401,0.4448990821838379,0.6989335417747498,0.39412933588027954,0.8448713421821594,0.3904203772544861,0.6903292536735535,0.3855402171611786,0.843612015247345,0.3683716654777527,0.6919059157371521,0.38030338287353516,0.838700532913208,0.3707844018936157,0.6952372193336487,0.3847104609012604,0.8382177948951721,0.37978774309158325,0.7759042978286743,0.60749351978302,0.8048783540725708,0.6072927117347717,0.7494555711746216,0.6975256204605103,0.8059914708137512,0.709632933139801,0.7403295636177063,0.8128327131271362,0.8099119067192078,0.8223212957382202,0.7437618970870972,0.8325448036193848,0.8112678527832031,0.8394950032234192,0.7157310843467712,0.8201755285263062,0.7905966639518738,0.8303884863853455
25,0.7828913927078247,0.40240827202796936,0.7848652601242065,0.3942863643169403,0.784148097038269,0.39435410499572754,0.783371090888977,0.3945222496986389,0.7882888317108154,0.3945547044277191,0.7900010347366333,0.39472585916519165,0.791638970375061,0.3949601352214813,0.7847293615341187,0.4002017080783844,0.7953084707260132,0.40123042464256287,0.7807028293609619,0.4111100435256958,0.784790575504303,0.4117703437805176,0.761821448802948,0.4415118396282196,0.8171065449714661,0.4504365026950836,0.7248595952987671,0.41432711482048035,0.8598713278770447,0.4482291638851166,0.6965348124504089,0.38259559869766235,0.8448058366775513,0.3907228708267212,0.6870238184928894,0.3762904703617096,0.8433606028556824,0.36893871426582336,0.6873648166656494,0.3732985854148865,0.8384374976158142,0.37078648805618286,0.6909118294715881,0.37587928771972656,0.8380090594291687,0.379612535238266,0.771946907043457,0.6069715023040771,0.8014740347862244,0.6073359251022339,0.746130645275116,0.6976789236068726,0.8053699731826782,0.7098693251609802,0.7342349290847778,0.8122612237930298,0.8096155524253845,0.8224166631698608,0.7357416749000549,0.8316375017166138,0.8110017776489258,0.839777410030365,0.7081493735313416,0.8145462870597839,0.790776252746582,0.8303943872451782
26,0.7786603569984436,0.4019677937030792,0.7812904715538025,0.3939884305000305,0.7807186245918274,0.393993079662323,0.7800976037979126,0.39409932494163513,0.7842972874641418,0.39435768127441406,0.7858244776725769,0.3945612907409668,0.7873467803001404,0.3948300778865814,0.7820062041282654,0.3994739353656769,0.7913323640823364,0.40097978711128235,0.7767615914344788,0.410127192735672,0.7802426815032959,0.41075894236564636,0.7594639658927917,0.43819791078567505,0.8136187791824341,0.4514129161834717,0.7233617901802063,0.4089575409889221,0.8578541278839111,0.4504052400588989,0.6919435262680054,0.37689870595932007,0.8431951999664307,0.39100727438926697,0.6818783283233643,0.3735388219356537,0.8430359959602356,0.36976099014282227,0.6818864345550537,0.3702504336833954,0.8375768065452576,0.3710682690143585,0.6855646967887878,0.3712610900402069,0.8369026780128479,0.3796106278896332,0.7692375779151917,0.6058818101882935,0.7979773283004761,0.6068786382675171,0.7429381012916565,0.697745680809021,0.8038138747215271,0.7099213004112244,0.7288479208946228,0.8116057515144348,0.8093927502632141,0.8225982785224915,0.7300300598144531,0.8307135105133057,0.8111642003059387,0.8401256203651428,0.7016826272010803,0.8103176355361938,0.7908115386962891,0.8311522006988525
27,0.7776625156402588,0.40155959129333496,0.7806249856948853,0.3938332200050354,0.7801021933555603,0.39378660917282104,0.7794960141181946,0.3938404321670532,0.7835189700126648,0.3942727744579315,0.7851119637489319,0.39448651671409607,0.7866607904434204,0.39476990699768066,0.78130042552948,0.39907974004745483,0.7906743288040161,0.4009423851966858,0.7756744623184204,0.40938425064086914,0.7792523503303528,0.4101027846336365,0.757982075214386,0.43683570623397827,0.8116638660430908,0.45215487480163574,0.7226865291595459,0.40825650095939636,0.8554334044456482,0.452176958322525,0.6904995441436768,0.37764468789100647,0.8410806059837341,0.3920186460018158,0.6799362301826477,0.3742799460887909,0.8420706987380981,0.3711976110935211,0.6798918843269348,0.370352178812027,0.8368569016456604,0.3719194233417511,0.6836687326431274,0.37139856815338135,0.8358215093612671,0.3801051676273346,0.7676012516021729,0.6051933169364929,0.7960895299911499,0.6065179705619812,0.7409191131591797,0.6978473663330078,0.8024612069129944,0.7100136280059814,0.7262266874313354,0.8112402558326721,0.8087899088859558,0.8226062655448914,0.7273714542388916,0.830180287361145,0.8109804391860962,0.840060293674469,0.699302077293396,0.8080167174339294,0.7907103896141052,0.8312886357307434
28,0.7746685743331909,0.4015328884124756,0.7772811055183411,0.39383819699287415,0.7766290307044983,0.39378732442855835,0.7759177684783936,0.3938285708427429,0.7805041074752808,0.39432647824287415,0.7821845412254333,0.3945631980895996,0.7837975025177002,0.39489009976387024,0.7775073647499084,0.39895349740982056,0.7878457903862,0.40103188157081604,0.7725357413291931,0.4091876447200775,0.7764371633529663,0.4100663363933563,0.7542454600334167,0.43626534938812256,0.8084550499916077,0.45357444882392883,0.7185282111167908,0.40974897146224976,0.8524633049964905,0.4540993571281433,0.6856542229652405,0.3821132183074951,0.8376226425170898,0.3945083022117615,0.6741225719451904,0.3774702250957489,0.8379692435264587,0.3739623427391052,0.6746490001678467,0.37372371554374695,0.8323687314987183,0.37434810400009155,0.6784026622772217,0.37535056471824646,0.831498384475708,0.38148602843284607,0.7626610398292542,0.6054034233093262,0.7914657592773438,0.6066040992736816,0.7359699606895447,0.6988095045089722,0.8001018762588501,0.7102574110031128,0.7188537120819092,0.8106726408004761,0.8087943196296692,0.822634756565094,0.7205923795700073,0.8296406865119934,0.8108969926834106,0.8400587439537048,0.691885232925415,0.804096519947052,0.7911641001701355,0.8316952586174011
29,0.77314692735672,0.4017496407032013,0.7751180529594421,0.3939609229564667,0.7742648720741272,0.39383289217948914,0.7733579874038696,0.3938353359699249,0.778763473033905,0.3946361839771271,0.7804962396621704,0.39491137862205505,0.7821298241615295,0.39528870582580566,0.7743179798126221,0.398922324180603,0.7855662107467651,0.40132004022598267,0.7705541253089905,0.40924715995788574,0.774868369102478,0.41041290760040283,0.7506523728370667,0.4362178146839142,0.8055533766746521,0.45577362179756165,0.7136595249176025,0.4113994240760803,0.8492549657821655,0.4553844928741455,0.6804443001747131,0.38740891218185425,0.8343517184257507,0.3955079913139343,0.6690594553947449,0.3815893530845642,0.8341956734657288,0.3757533133029938,0.6701135635375977,0.3781833052635193,0.8281726241111755,0.3763655126094818,0.6738999485969543,0.3806149959564209,0.8272281289100647,0.38289275765419006,0.7590084671974182,0.6057976484298706,0.7879213690757751,0.6071546673774719,0.7322120666503906,0.6988675594329834,0.7975789308547974,0.7102980613708496,0.7142343521118164,0.8094361424446106,0.8088001608848572,0.8226566910743713,0.7156983613967896,0.8285369873046875,0.8108897805213928,0.8401429653167725,0.6864269375801086,0.8021255135536194,0.7908368706703186,0.8320143818855286
30,0.7731624841690063,0.40272653102874756,0.7747925519943237,0.3951371908187866,0.7738864421844482,0.39484965801239014,0.772942841053009,0.39466381072998047,0.778420090675354,0.39608410000801086,0.7800578474998474,0.396447092294693,0.7815852761268616,0.3968851566314697,0.7735171914100647,0.39928188920021057,0.7846284508705139,0.40253153443336487,0.770456075668335,0.4098533093929291,0.7747439742088318,0.41148102283477783,0.7493874430656433,0.43712466955184937,0.8034980893135071,0.4578178822994232,0.7118212580680847,0.41254866123199463,0.8472314476966858,0.4560456871986389,0.6767665147781372,0.39040082693099976,0.8322268724441528,0.39571452140808105,0.6652042865753174,0.3865604102611542,0.8326568007469177,0.3762015998363495,0.6656234264373779,0.3823915123939514,0.8267343640327454,0.37656068801879883,0.6695472002029419,0.38426074385643005,0.8256788849830627,0.3831845223903656,0.7576680779457092,0.607062578201294,0.7860892415046692,0.6088311076164246,0.7300177812576294,0.6989458799362183,0.7953819036483765,0.7102875113487244,0.7121779322624207,0.808961033821106,0.8088349103927612,0.8226379156112671,0.7136507630348206,0.8280858397483826,0.8112044930458069,0.8401785492897034,0.6846383213996887,0.8029951453208923,0.7909375429153442,0.8320023417472839
31,0.7676771879196167,0.40397509932518005,0.7697356939315796,0.3966366946697235,0.7690445184707642,0.3964066207408905,0.768299400806427,0.3962487578392029,0.7728551626205444,0.39759939908981323,0.7743704319000244,0.398049920797348,0.7757797241210938,0.39857593178749084,0.7692593932151794,0.4009707272052765,0.7787245512008667,0.4044981598854065,0.7652969360351562,0.4115807116031647,0.7691153287887573,0.4131007790565491,0.744653046131134,0.43788132071495056,0.7982645630836487,0.45886874198913574,0.7059497237205505,0.4159420132637024,0.8408557772636414,0.457349568605423,0.6691774129867554,0.3973536491394043,0.8265365362167358,0.39795756340026855,0.6567257642745972,0.394821435213089,0.8265060782432556,0.37893393635749817,0.6564904451370239,0.39051949977874756,0.8208013772964478,0.3784642815589905,0.6605663299560547,0.39237892627716064,0.8198620080947876,0.38443461060523987,0.7525707483291626,0.6088048815727234,0.7806384563446045,0.6101402044296265,0.7241567969322205,0.6990489959716797,0.7922297716140747,0.7103013396263123,0.7087770104408264,0.8090819120407104,0.8088472485542297,0.8222163319587708,0.7108117341995239,0.8281890153884888,0.8112808465957642,0.8400378227233887,0.6796711087226868,0.8046520948410034,0.7905117273330688,0.8316007852554321
32,0.7658042311668396,0.40555471181869507,0.7668618559837341,0.39794814586639404,0.7660335898399353,0.3976672291755676,0.7651684284210205,0.3974710702896118,0.7703484892845154,0.3992144465446472,0.7719050645828247,0.3998187184333801,0.7733581066131592,0.4005027711391449,0.765579879283905,0.4023064374923706,0.7761421799659729,0.4065980911254883,0.7635416388511658,0.41328608989715576,0.767590343952179,0.4151953160762787,0.7391241192817688,0.43828555941581726,0.7940424084663391,0.4602174758911133,0.7011602520942688,0.41952744126319885,0.8355098366737366,0.45806100964546204,0.6619630455970764,0.3992016613483429,0.8218134641647339,0.3990035057067871,0.6493743062019348,0.40100032091140747,0.8217756152153015,0.38025182485580444,0.6492437720298767,0.3958972990512848,0.8160236477851868,0.37942126393318176,0.6531872153282166,0.39644506573677063,0.8150880336761475,0.38522353768348694,0.7473236918449402,0.610833466053009,0.7758241891860962,0.6120389699935913,0.7186431288719177,0.6991034150123596,0.7882729768753052,0.7092957496643066,0.7071900963783264,0.8098639249801636,0.808538556098938,0.8199618458747864,0.7100552320480347,0.8286458849906921,0.8113061189651489,0.8388665318489075,0.6779251098632812,0.8094594478607178,0.7898833751678467,0.8314237594604492
33,0.7642720341682434,0.4062596261501312,0.7657086849212646,0.39844486117362976,0.7649093270301819,0.3980395793914795,0.7640666961669922,0.3977329432964325,0.7689807415008545,0.4000336527824402,0.7704583406448364,0.40075188875198364,0.7718384265899658,0.4015369713306427,0.7645748853683472,0.40249714255332947,0.774760365486145,0.407618910074234,0.761964738368988,0.41371914744377136,0.7657151818275452,0.4158104658126831,0.7374364137649536,0.4383246898651123,0.7912842035293579,0.46301040053367615,0.6979792714118958,0.42145267128944397,0.8326002955436707,0.4589468240737915,0.6583253145217896,0.40675652027130127,0.8182085752487183,0.40057867765426636,0.6457372307777405,0.41262325644493103,0.8178794384002686,0.38191261887550354,0.6460599303245544,0.40753990411758423,0.8120413422584534,0.3812561631202698,0.6501851677894592,0.4067996144294739,0.8111335635185242,0.38714736700057983,0.7439559102058411,0.6120709776878357,0.7729886770248413,0.6132714748382568,0.7161722779273987,0.6991807222366333,0.7852373123168945,0.7067306637763977,0.7053667306900024,0.8105081915855408,0.8079825639724731,0.8159520626068115,0.7088655233383179,0.8288695812225342,0.8115968108177185,0.8359924554824829,0.6774436831474304,0.813032865524292,0.7897852063179016,0.8314422965049744
34,0.7533602118492126,0.4061587452888489,0.7553420662879944,0.3983667492866516,0.7547562122344971,0.3980150520801544,0.7542017102241516,0.39776352047920227,0.7585324048995972,0.3998400568962097,0.7601075768470764,0.400518000125885,0.7616518139839172,0.40126827359199524,0.7563048005104065,0.40275633335113525,0.7666594982147217,0.4076234996318817,0.7521477341651917,0.4137517809867859,0.7558467984199524,0.4157026708126068,0.7311009168624878,0.4391288161277771,0.7850509285926819,0.46220332384109497,0.6900542974472046,0.42678654193878174,0.8255490660667419,0.4584660828113556,0.6498967409133911,0.42747175693511963,0.8090317249298096,0.4008464515209198,0.6382279992103577,0.433150976896286,0.8077007532119751,0.3825073540210724,0.637886106967926,0.42952361702919006,0.8033262491226196,0.3819415867328644,0.6413913369178772,0.4285457730293274,0.8024685382843018,0.3877836763858795,0.7371935248374939,0.6134729981422424,0.7643267512321472,0.6133372783660889,0.7106276750564575,0.7010959982872009,0.7793413996696472,0.7042962908744812,0.7041765451431274,0.8117194771766663,0.8072071075439453,0.8076446056365967,0.7089592218399048,0.8301874995231628,0.8118553757667542,0.8244274258613586,0.6772944927215576,0.819729208946228,0.7908222079277039,0.8311829566955566
35,0.7512289881706238,0.4061026871204376,0.7526234984397888,0.3982188403606415,0.7518612146377563,0.39780476689338684,0.7510683536529541,0.3974754512310028,0.7559389472007751,0.3997567892074585,0.7574189305305481,0.4003666937351227,0.7588769197463989,0.40106508135795593,0.7523058652877808,0.4025627374649048,0.7632415294647217,0.4074462056159973,0.7494187951087952,0.4136984646320343,0.7532842755317688,0.4156566858291626,0.7253805994987488,0.43938446044921875,0.7797523736953735,0.46173423528671265,0.6851313710212708,0.43423545360565186,0.8195077180862427,0.45844829082489014,0.6446946859359741,0.4442635774612427,0.8015592098236084,0.4007849097251892,0.6331767439842224,0.44971051812171936,0.7989148497581482,0.3830468952655792,0.6332497000694275,0.44759559631347656,0.7948102355003357,0.3826868236064911,0.636413037776947,0.4466891288757324,0.7940786480903625,0.38850080966949463,0.730411171913147,0.6131855845451355,0.7572812438011169,0.6128600239753723,0.7063094973564148,0.7014434337615967,0.7739290595054626,0.702004611492157,0.7042067050933838,0.8117615580558777,0.8045851588249207,0.8012484908103943,0.7093055248260498,0.8302374482154846,0.8110904693603516,0.8158408999443054,0.6779671907424927,0.8235255479812622,0.7926414012908936,0.8308365345001221
36,0.7494180202484131,0.4061150550842285,0.7509056925773621,0.39817264676094055,0.7501553893089294,0.3977591097354889,0.7493909001350403,0.39743179082870483,0.7542193531990051,0.3996904492378235,0.7557379603385925,0.4003061354160309,0.757196307182312,0.40100616216659546,0.7506124973297119,0.40254294872283936,0.7611393332481384,0.40756112337112427,0.7476637959480286,0.41384157538414,0.7511365413665771,0.4157840609550476,0.725066065788269,0.4394458830356598,0.7771407961845398,0.4614229202270508,0.683056116104126,0.4413338005542755,0.8161385655403137,0.45839881896972656,0.6447464823722839,0.45372527837753296,0.7987383008003235,0.4004903733730316,0.632764458656311,0.4589858651161194,0.7964032888412476,0.3826603293418884,0.6326433420181274,0.45767319202423096,0.7921684980392456,0.38244137167930603,0.6367332935333252,0.45738083124160767,0.7916305661201477,0.38847556710243225,0.7288105487823486,0.6125766038894653,0.7547791600227356,0.60944002866745,0.7056137323379517,0.7023234963417053,0.7712772488594055,0.6997526288032532,0.7048958539962769,0.8133103251457214,0.8033167123794556,0.797970712184906,0.7093193531036377,0.8308587670326233,0.8100368976593018,0.8105058670043945,0.6771848201751709,0.8254280090332031,0.7927486300468445,0.8307619094848633
37,0.7392429113388062,0.4047325551509857,0.7418375611305237,0.397123783826828,0.7413339018821716,0.39687228202819824,0.740826427936554,0.3966609537601471,0.7449373006820679,0.3981805741786957,0.7464880347251892,0.3986544609069824,0.748011589050293,0.3991880714893341,0.7431935667991638,0.4021783769130707,0.7529351115226746,0.40685975551605225,0.7384767532348633,0.4132199287414551,0.7415032982826233,0.4148388206958771,0.7187374234199524,0.44062280654907227,0.7683178782463074,0.4590391516685486,0.6770050525665283,0.45724132657051086,0.8058264255523682,0.45820215344429016,0.6425096392631531,0.47969508171081543,0.7903171181678772,0.40089938044548035,0.6322966814041138,0.4872875213623047,0.789117157459259,0.3859146237373352,0.6326695680618286,0.48446452617645264,0.7851038575172424,0.38606223464012146,0.6370067596435547,0.48300233483314514,0.7842563986778259,0.39122846722602844,0.7231268286705017,0.6101095676422119,0.7476459741592407,0.6049694418907166,0.7025538682937622,0.7034727334976196,0.7607595324516296,0.6971591711044312,0.7039037346839905,0.8144211769104004,0.7988812327384949,0.7911099791526794,0.7081757187843323,0.8312628269195557,0.8074369430541992,0.8022135496139526,0.6763985753059387,0.8265543580055237,0.7917327284812927,0.8311055302619934
38,0.7326259016990662,0.40154364705085754,0.7360497117042542,0.39471834897994995,0.7358375191688538,0.394910603761673,0.7356255054473877,0.3951057195663452,0.7386514544487,0.39500775933265686,0.7400912642478943,0.3953453600406647,0.7415379881858826,0.3957253396511078,0.7387148141860962,0.4017401337623596,0.7473984956741333,0.4046260416507721,0.7322915196418762,0.4117855429649353,0.7348139882087708,0.4125281274318695,0.7163166403770447,0.4418801963329315,0.7643579244613647,0.4556320905685425,0.677053689956665,0.4689006805419922,0.7955655455589294,0.4516269564628601,0.6452483534812927,0.4963921308517456,0.7820324301719666,0.4054548740386963,0.6361824870109558,0.5044886469841003,0.7801076173782349,0.39686450362205505,0.6365543603897095,0.5021479725837708,0.7766821384429932,0.39614012837409973,0.6401963829994202,0.5004296898841858,0.7764824032783508,0.3997070789337158,0.7206805348396301,0.6094170212745667,0.7428215742111206,0.6033641695976257,0.7011933922767639,0.7040054798126221,0.7547758221626282,0.6958132982254028,0.7030165195465088,0.8145357370376587,0.7950171828269958,0.7867835164070129,0.7082708477973938,0.8313322067260742,0.8040058612823486,0.7955479621887207,0.6758741736412048,0.8266308307647705,0.7883592844009399,0.8322356343269348
39,0.7301705479621887,0.3990963399410248,0.7344782948493958,0.3927917182445526,0.7343483567237854,0.3932969272136688,0.7341786026954651,0.39382579922676086,0.736562967300415,0.39239516854286194,0.737854540348053,0.3925667703151703,0.7391481399536133,0.3928444981575012,0.7371587753295898,0.4013602137565613,0.7449414134025574,0.40227529406547546,0.7297956347465515,0.4102713465690613,0.731995165348053,0.41036295890808105,0.7149832248687744,0.44367364048957825,0.7611144781112671,0.4522532820701599,0.6789329051971436,0.47457242012023926,0.7864580154418945,0.4459262192249298,0.6468958258628845,0.5019388198852539,0.7841674089431763,0.41593217849731445,0.6387375593185425,0.5113508701324463,0.7852993607521057,0.40964242815971375,0.6386269927024841,0.5100408792495728,0.7811994552612305,0.4074345529079437,0.6419981718063354,0.5078573226928711,0.7791335582733154,0.4110349714756012,0.7192366123199463,0.6082026362419128,0.7398431897163391,0.601570188999176,0.7015818357467651,0.7052096724510193,0.7533903121948242,0.6950667500495911,0.703294575214386,0.8148946166038513,0.7924318313598633,0.7848210334777832,0.7088105082511902,0.8323343992233276,0.801350474357605,0.7940904498100281,0.6766951084136963,0.8261457085609436,0.7850516438484192,0.83226478099823
40,0.7235702872276306,0.395588219165802,0.7275516390800476,0.3893429934978485,0.7277786731719971,0.3901546001434326,0.7280267477035522,0.39106589555740356,0.7289543747901917,0.3884675204753876,0.7301087975502014,0.38863110542297363,0.7313067317008972,0.38893815875053406,0.7322105765342712,0.39996492862701416,0.7370001077651978,0.3985563814640045,0.7238008379936218,0.4072914719581604,0.725091814994812,0.4066885709762573,0.7155544757843018,0.4506480097770691,0.7509469985961914,0.44876375794410706,0.6821067333221436,0.49545812606811523,0.7631147503852844,0.44029003381729126,0.6481893062591553,0.5154785513877869,0.7662725448608398,0.41482070088386536,0.6392998099327087,0.5204527974128723,0.7733030915260315,0.41703805327415466,0.6396790742874146,0.5153693556785583,0.7729708552360535,0.4165527820587158,0.643877387046814,0.5145288109779358,0.7691625356674194,0.4170663356781006,0.7166296243667603,0.6082451343536377,0.7351482510566711,0.6019864082336426,0.700859010219574,0.7059178948402405,0.7483781576156616,0.6952271461486816,0.7029846906661987,0.8149524331092834,0.7850695848464966,0.7830324769020081,0.7088454365730286,0.8327393531799316,0.79449462890625,0.7920981049537659,0.6769362688064575,0.8265892267227173,0.7785356044769287,0.8317467570304871
41,0.7190238237380981,0.3961327373981476,0.723584771156311,0.3895083963871002,0.7242472767829895,0.39027324318885803,0.7249203324317932,0.3911477327346802,0.7239547967910767,0.38858887553215027,0.7248566150665283,0.38864731788635254,0.7258013486862183,0.38879749178886414,0.7297913432121277,0.3999382555484772,0.7311779260635376,0.39752358198165894,0.7200444936752319,0.4074222147464752,0.7201650738716125,0.40679091215133667,0.7175595164299011,0.45558565855026245,0.7422861456871033,0.4458968937397003,0.6838459372520447,0.5047813057899475,0.7596284747123718,0.4289253354072571,0.6530551314353943,0.5173159837722778,0.766605019569397,0.4100109040737152,0.6465702652931213,0.5209811925888062,0.7687129974365234,0.40883690118789673,0.6468636989593506,0.5145931243896484,0.7684738039970398,0.40871065855026245,0.6499243378639221,0.5141017436981201,0.7671189904212952,0.4110167622566223,0.7156389355659485,0.607750654220581,0.7294647097587585,0.6015912890434265,0.7009153962135315,0.7057187557220459,0.7406865954399109,0.6940658688545227,0.7034280300140381,0.8153662085533142,0.7806727290153503,0.7810470461845398,0.7089720368385315,0.8337655067443848,0.7908585071563721,0.7893656492233276,0.6755387783050537,0.826602041721344,0.7751529812812805,0.8314329385757446
42,0.7166780829429626,0.3966046869754791,0.721502423286438,0.3896038234233856,0.7221766710281372,0.3902927041053772,0.7229167222976685,0.3910984694957733,0.7216574549674988,0.38882070779800415,0.7224374413490295,0.3888948857784271,0.7233119606971741,0.38902708888053894,0.7283113598823547,0.39992186427116394,0.7292497158050537,0.3975389003753662,0.7176865935325623,0.4075627028942108,0.7174575328826904,0.4071550965309143,0.7180691957473755,0.45635053515434265,0.7334377765655518,0.44841495156288147,0.6923345327377319,0.5075578689575195,0.7079976797103882,0.5021730065345764,0.6609398722648621,0.5146681666374207,0.6704586148262024,0.5106080174446106,0.6516340374946594,0.517367959022522,0.6615036129951477,0.5127061009407043,0.6523156762123108,0.5099945068359375,0.661464512348175,0.506725013256073,0.6562618613243103,0.5098816156387329,0.6648370623588562,0.5074610114097595,0.7178677916526794,0.607265830039978,0.7253984808921814,0.6016241312026978,0.7023864984512329,0.7038185596466064,0.7343800663948059,0.6928348541259766,0.7035796642303467,0.815329372882843,0.7781404852867126,0.7799938917160034,0.7087982296943665,0.8334190845489502,0.7874472141265869,0.787930965423584,0.6760436296463013,0.827190637588501,0.7735893130302429,0.8310889005661011
43,0.7117562890052795,0.3939274251461029,0.7173782587051392,0.3879663646221161,0.7181030511856079,0.38875696063041687,0.7188503742218018,0.3896457254886627,0.7174727320671082,0.3870084583759308,0.7182043790817261,0.38712555170059204,0.7189627885818481,0.38733410835266113,0.7246237397193909,0.39911210536956787,0.7246500849723816,0.39600783586502075,0.7128974199295044,0.40531325340270996,0.712721586227417,0.40426865220069885,0.7198062539100647,0.46078282594680786,0.725517213344574,0.44592219591140747,0.6986690163612366,0.5175949335098267,0.6999446153640747,0.41434478759765625,0.6629544496536255,0.5132828950881958,0.6895684003829956,0.3439149260520935,0.6544573307037354,0.5106838345527649,0.6874093413352966,0.32959073781967163,0.6557440161705017,0.5029749870300293,0.6894391775131226,0.32858774065971375,0.6589581966400146,0.503797173500061,0.6904252767562866,0.33489716053009033,0.7159932255744934,0.6072694063186646,0.7251514792442322,0.6001861691474915,0.7024251818656921,0.7036000490188599,0.7325353026390076,0.6930808424949646,0.7039201259613037,0.8153571486473083,0.7742603421211243,0.7778196334838867,0.7089665532112122,0.8334258198738098,0.7836402654647827,0.7844126224517822,0.6761140823364258,0.8276062607765198,0.772994339466095,0.8296995759010315
44,0.7099014520645142,0.3941507041454315,0.7149322032928467,0.3878941833972931,0.7155710458755493,0.388729453086853,0.7162262201309204,0.3896644711494446,0.7151158452033997,0.38685786724090576,0.7159329056739807,0.3869871497154236,0.7168055176734924,0.3872181475162506,0.7212956547737122,0.39889755845069885,0.7224398851394653,0.39546769857406616,0.7103893160820007,0.40550464391708374,0.7105130553245544,0.4044474959373474,0.7189162373542786,0.4635137617588043,0.7211989164352417,0.4403744339942932,0.6999974846839905,0.5246955156326294,0.6891095638275146,0.4007567763328552,0.6641146540641785,0.5077676773071289,0.6610406637191772,0.33188459277153015,0.6554771065711975,0.5035517811775208,0.6569311022758484,0.31670504808425903,0.6574668288230896,0.49678152799606323,0.658142626285553,0.3155432343482971,0.6607396006584167,0.4973796010017395,0.6591051816940308,0.3202018439769745,0.7147452235221863,0.606779158115387,0.7235695123672485,0.5975443124771118,0.702129602432251,0.7033092975616455,0.7294681072235107,0.6934752464294434,0.7036604285240173,0.8148788213729858,0.7731142640113831,0.7766926288604736,0.7087046504020691,0.8329626321792603,0.782798707485199,0.782738983631134,0.6763476729393005,0.828357994556427,0.7720662355422974,0.8278886079788208
45,0.708154022693634,0.3936910033226013,0.7137759923934937,0.3877640664577484,0.7145019769668579,0.3886674642562866,0.715243399143219,0.3896304965019226,0.7136428356170654,0.38632744550704956,0.7143042683601379,0.386268675327301,0.7150289416313171,0.38634079694747925,0.7206003069877625,0.3988760709762573,0.7208382487297058,0.39472535252571106,0.7087138295173645,0.4047459363937378,0.7081153988838196,0.40296289324760437,0.7195139527320862,0.4678005278110504,0.7152336239814758,0.4326607882976532,0.7012634873390198,0.5274144411087036,0.6782885193824768,0.3927387297153473,0.6650575995445251,0.5045732259750366,0.6501786112785339,0.3454056680202484,0.656459391117096,0.5001815557479858,0.6440476775169373,0.3310023844242096,0.6582228541374207,0.4957698583602905,0.6446983814239502,0.3287205696105957,0.6613270044326782,0.4948304295539856,0.646503210067749,0.33329740166664124,0.715856671333313,0.6058082580566406,0.7197373509407043,0.5943033695220947,0.7027694582939148,0.7034549117088318,0.7271669507026672,0.6936066746711731,0.7037683725357056,0.8137568235397339,0.7729958891868591,0.7757081985473633,0.7088254690170288,0.8328619599342346,0.7833437323570251,0.780744731426239,0.6765315532684326,0.8281034231185913,0.7724272608757019,0.8273265957832336
46,0.7064154148101807,0.3912132680416107,0.7112025618553162,0.385968953371048,0.7118024230003357,0.38688740134239197,0.7124195694923401,0.3878230154514313,0.7112413048744202,0.3845503330230713,0.7119178175926208,0.38455677032470703,0.71267169713974,0.38468021154403687,0.717202365398407,0.3970579504966736,0.717992901802063,0.3929278254508972,0.7067915797233582,0.40225955843925476,0.7064908742904663,0.40051040053367615,0.7150629758834839,0.4643781781196594,0.7108031511306763,0.43006911873817444,0.7021081447601318,0.5247967839241028,0.6706736087799072,0.4033997654914856,0.6666921973228455,0.5013789534568787,0.6335588693618774,0.3653785288333893,0.6589946150779724,0.4945812225341797,0.6244359612464905,0.3504979908466339,0.6605857014656067,0.48672762513160706,0.6235579252243042,0.34503039717674255,0.6631842851638794,0.4882963299751282,0.6261937618255615,0.3502502143383026,0.7152317762374878,0.6041523814201355,0.7169493436813354,0.5925677418708801,0.7031494379043579,0.703498125076294,0.7251225113868713,0.6932433843612671,0.7039134502410889,0.8131972551345825,0.7725527286529541,0.774413526058197,0.7092829346656799,0.8328571915626526,0.7821139693260193,0.7792702317237854,0.6766319870948792,0.8279013633728027,0.7711422443389893,0.8264330625534058
47,0.7042675018310547,0.3916909396648407,0.7091544270515442,0.38605526089668274,0.709804892539978,0.3869291841983795,0.7104206085205078,0.38780510425567627,0.7092041373252869,0.3846530020236969,0.7099441885948181,0.384609580039978,0.7107189893722534,0.38465437293052673,0.7155833840370178,0.3968680202960968,0.7163287997245789,0.3928076922893524,0.7052275538444519,0.4026924967765808,0.7047422528266907,0.4011725187301636,0.716403067111969,0.4637332856655121,0.7082650065422058,0.4323953688144684,0.7026026248931885,0.5293495059013367,0.6711547374725342,0.40640199184417725,0.6682360768318176,0.4997257888317108,0.6317501068115234,0.3990975618362427,0.6602028012275696,0.4913787841796875,0.6204627156257629,0.39056408405303955,0.661522626876831,0.482389897108078,0.6193549036979675,0.388380229473114,0.6641899943351746,0.48445865511894226,0.6228975057601929,0.39229267835617065,0.7138537764549255,0.6044467091560364,0.7172760367393494,0.593542754650116,0.7030718326568604,0.7037461996078491,0.7270603179931641,0.6934002041816711,0.7040116786956787,0.8130701780319214,0.7725604176521301,0.7741435766220093,0.709505021572113,0.8328587412834167,0.7816368937492371,0.7793207764625549,0.6764994263648987,0.8277407884597778,0.7708212733268738,0.8253018856048584
48,0.7022667527198792,0.3920435309410095,0.7071523666381836,0.3860951364040375,0.7078104615211487,0.3869381844997406,0.7084290981292725,0.38777098059654236,0.707260251045227,0.3846814036369324,0.7080463171005249,0.38459262251853943,0.7088803648948669,0.38458070158958435,0.7139152884483337,0.3966486155986786,0.7148860096931458,0.3925565481185913,0.7033601999282837,0.4029846489429474,0.7028857469558716,0.40160003304481506,0.7160559892654419,0.4639112055301666,0.7083876729011536,0.4328514337539673,0.7026394605636597,0.5305383801460266,0.6695667505264282,0.4070018231868744,0.6681408286094666,0.49880078434944153,0.6277484893798828,0.41226640343666077,0.6597306132316589,0.4891277253627777,0.6169893741607666,0.40394747257232666,0.6608815789222717,0.47978726029396057,0.6162465810775757,0.4033660292625427,0.6635919809341431,0.4816524386405945,0.619920015335083,0.40740296244621277,0.7125867009162903,0.6053163409233093,0.7170431017875671,0.5940386056900024,0.703130304813385,0.7044564485549927,0.7270010709762573,0.6934311985969543,0.7040908932685852,0.813025176525116,0.7721884250640869,0.773881733417511,0.7097319960594177,0.8329052329063416,0.7810916900634766,0.7798928022384644,0.6764705181121826,0.8276157379150391,0.7695911526679993,0.8234957456588745
49,0.6988908648490906,0.39228230714797974,0.7039002776145935,0.38584643602371216,0.704598069190979,0.38666200637817383,0.7052785754203796,0.38746780157089233,0.7038951516151428,0.3844270408153534,0.704632043838501,0.38431376218795776,0.7054100632667542,0.38428089022636414,0.7109765410423279,0.3961926996707916,0.7118673920631409,0.3919866681098938,0.7001675367355347,0.4031878113746643,0.6996062994003296,0.4018886387348175,0.7160070538520813,0.4655822515487671,0.7056457996368408,0.43387582898139954,0.7020756006240845,0.5314164161682129,0.663955569267273,0.43417075276374817,0.6680558919906616,0.4984287917613983,0.6231011748313904,0.44273924827575684,0.6594870090484619,0.4886390268802643,0.6111383438110352,0.4384230673313141,0.6605517864227295,0.47920310497283936,0.6102314591407776,0.43595147132873535,0.6631316542625427,0.480937659740448,0.6136258840560913,0.43890729546546936,0.7116920351982117,0.6076593995094299,0.7140600085258484,0.5948120951652527,0.7030308246612549,0.7062860131263733,0.7265359163284302,0.6934587359428406,0.7041147947311401,0.812993049621582,0.7709630727767944,0.7744851112365723,0.7097502946853638,0.832918643951416,0.7788952589035034,0.7807088494300842,0.6762637495994568,0.8275861144065857,0.7688490152359009,0.8228861093521118
50,0.6964436173439026,0.3924519419670105,0.7015015482902527,0.38564005494117737,0.7022197842597961,0.3863832354545593,0.702976644039154,0.38713157176971436,0.7013389468193054,0.3843196928501129,0.7019447684288025,0.3841841518878937,0.7026553750038147,0.3841303884983063,0.7089777588844299,0.39553239941596985,0.7093084454536438,0.3916046619415283,0.6978655457496643,0.40331795811653137,0.6971544623374939,0.402089387178421,0.7156099081039429,0.46520426869392395,0.7026282548904419,0.4349294602870941,0.7009592652320862,0.5302785634994507,0.6630567908287048,0.4546031951904297,0.6677665710449219,0.4991253912448883,0.6213013529777527,0.4648810923099518,0.6589773297309875,0.4888351559638977,0.609658420085907,0.46405839920043945,0.6601085066795349,0.47938627004623413,0.6085137724876404,0.4619429409503937,0.6628717184066772,0.4814605712890625,0.6117423176765442,0.4635719060897827,0.7119510769844055,0.6086361408233643,0.7120296955108643,0.5954154133796692,0.703048825263977,0.7065379619598389,0.7267597913742065,0.6937964558601379,0.7041568756103516,0.81296306848526,0.7702674865722656,0.7751104235649109,0.7098701000213623,0.8329172730445862,0.7776069641113281,0.7815553545951843,0.675548255443573,0.8276142477989197,0.7692214250564575,0.8230061531066895
51,0.6954911947250366,0.3925766944885254,0.7004111409187317,0.3854316473007202,0.7011387944221497,0.3861651122570038,0.701882004737854,0.3869190812110901,0.7003028392791748,0.3841344118118286,0.700968325138092,0.3839778006076813,0.7017228603363037,0.3838697075843811,0.7078730463981628,0.3953162729740143,0.708382248878479,0.3912026286125183,0.6969538331031799,0.40341514348983765,0.6963444948196411,0.40218886733055115,0.7143657207489014,0.4647045433521271,0.7040759325027466,0.43623974919319153,0.7006816864013672,0.5308468341827393,0.66501784324646,0.46355703473091125,0.6676979064941406,0.4999869465827942,0.6237361431121826,0.4740968942642212,0.6585972905158997,0.489424467086792,0.611616849899292,0.4745708405971527,0.659745454788208,0.480538547039032,0.6098228693008423,0.4729078412055969,0.6625217795372009,0.4826262891292572,0.6139204502105713,0.47423282265663147,0.7113590240478516,0.6087573170661926,0.7112090587615967,0.5957401394844055,0.7027577757835388,0.7065467834472656,0.7253739237785339,0.693922221660614,0.7041757106781006,0.8129842281341553,0.7697392702102661,0.7754955887794495,0.7099220752716064,0.8329616785049438,0.776869535446167,0.7818833589553833,0.6756426095962524,0.8275817036628723,0.7698095440864563,0.822971761226654
52,0.6932892203330994,0.3925960659980774,0.6982619762420654,0.38509243726730347,0.6989584565162659,0.3857027292251587,0.6996792554855347,0.38635292649269104,0.6981149315834045,0.3839374780654907,0.6987292766571045,0.38376328349113464,0.6994035243988037,0.38360297679901123,0.7057182788848877,0.394377201795578,0.7060098648071289,0.3908408284187317,0.6951614022254944,0.4034450352191925,0.6946467161178589,0.402317613363266,0.7140156626701355,0.4636887013912201,0.7038701772689819,0.4406452178955078,0.701754629611969,0.5305773615837097,0.6689093112945557,0.4898459017276764,0.6675418019294739,0.5021450519561768,0.6279815435409546,0.4938428997993469,0.6572802662849426,0.494895875453949,0.6165792942047119,0.4955088198184967,0.6581074595451355,0.4860846698284149,0.6128723621368408,0.4948867857456207,0.6613095998764038,0.48725444078445435,0.6172994375228882,0.4955505430698395,0.7108123898506165,0.6087638139724731,0.7100967764854431,0.5966044068336487,0.702217161655426,0.7066932320594788,0.7244893908500671,0.6939502358436584,0.7042607069015503,0.8132321834564209,0.7683243155479431,0.7753843665122986,0.7101011872291565,0.8331282138824463,0.77585768699646,0.7818000316619873,0.6756717562675476,0.8280175924301147,0.7690396904945374,0.8222942352294922
53,0.6921374201774597,0.39263400435447693,0.6970176100730896,0.3850131034851074,0.6977483630180359,0.3855835199356079,0.6984542012214661,0.38618630170822144,0.6968899369239807,0.38392555713653564,0.6975549459457397,0.3837610185146332,0.6982370615005493,0.38360080122947693,0.704498827457428,0.3940085768699646,0.7048853039741516,0.3907425105571747,0.6941432356834412,0.40350356698036194,0.6937892436981201,0.40237346291542053,0.7134578227996826,0.46261271834373474,0.7044575810432434,0.44157662987709045,0.70203697681427,0.5320550203323364,0.673446536064148,0.4915205240249634,0.6665014028549194,0.5064049363136292,0.6368904113769531,0.49707138538360596,0.6552444100379944,0.5027790665626526,0.6231290698051453,0.5026792287826538,0.6563990116119385,0.4929165840148926,0.6206361055374146,0.5024425983428955,0.6593064069747925,0.4934885799884796,0.6249884366989136,0.5014544725418091,0.7096523642539978,0.6091089844703674,0.7109251618385315,0.5974672436714172,0.7013198733329773,0.7066621780395508,0.7247077822685242,0.6940187215805054,0.7042759656906128,0.8134790062904358,0.768144428730011,0.7754566669464111,0.7101263403892517,0.8331582546234131,0.7753422856330872,0.7821380496025085,0.6756115555763245,0.8283271789550781,0.7694355249404907,0.8222943544387817
54,0.6917629837989807,0.39262837171554565,0.6965509653091431,0.3847194314002991,0.6972854137420654,0.38524800539016724,0.6979832053184509,0.38579121232032776,0.6964098215103149,0.383687824010849,0.6970726251602173,0.38351207971572876,0.6977559924125671,0.383344829082489,0.7038893103599548,0.393297404050827,0.7042296528816223,0.39036646485328674,0.6936734914779663,0.4034993052482605,0.6933315396308899,0.4024581015110016,0.713238000869751,0.461340993642807,0.7040945887565613,0.4430214464664459,0.7025067210197449,0.5318590998649597,0.6733390092849731,0.49447429180145264,0.6662315130233765,0.5084919333457947,0.6387555003166199,0.501274585723877,0.6546651124954224,0.5050641894340515,0.6242176294326782,0.5071902871131897,0.6560583114624023,0.49548017978668213,0.6219882965087891,0.5063996315002441,0.6591523289680481,0.4959685206413269,0.6286733150482178,0.5032827854156494,0.7088840007781982,0.6097463369369507,0.7100898623466492,0.5993112325668335,0.7011857628822327,0.7066388726234436,0.72397381067276,0.6940730214118958,0.7042882442474365,0.8134947419166565,0.7678956985473633,0.775532066822052,0.7101327180862427,0.8329943418502808,0.7750890254974365,0.7823672294616699,0.6756690740585327,0.8289579749107361,0.7696269750595093,0.8223587870597839
55,0.6899462342262268,0.392654687166214,0.6947268843650818,0.38457781076431274,0.6955836415290833,0.3850654661655426,0.6964036822319031,0.3855549395084381,0.6945650577545166,0.3835974633693695,0.6953298449516296,0.38342398405075073,0.6961025595664978,0.3832572400569916,0.7027526497840881,0.392797589302063,0.7026340961456299,0.39026013016700745,0.6924371719360352,0.4036562740802765,0.692020058631897,0.4027341604232788,0.7126151323318481,0.45926129817962646,0.7041076421737671,0.44606152176856995,0.704343855381012,0.5306336879730225,0.6760589480400085,0.5100231170654297,0.6658090353012085,0.5115941166877747,0.6414072513580322,0.509606122970581,0.6542958617210388,0.507749080657959,0.6272233724594116,0.5144511461257935,0.655865490436554,0.49863749742507935,0.626001238822937,0.5121874213218689,0.6590503454208374,0.4992765784263611,0.6319971084594727,0.5092361569404602,0.7075008153915405,0.609411358833313,0.7111251354217529,0.5993250608444214,0.7011899352073669,0.7066317796707153,0.7248827815055847,0.693549394607544,0.7045729756355286,0.8138753175735474,0.7673758864402771,0.7756614089012146,0.7102068066596985,0.8329697251319885,0.7751867175102234,0.7824923396110535,0.6757205724716187,0.8295483589172363,0.769684910774231,0.8223299384117126
56,0.6891866326332092,0.39257514476776123,0.6941549181938171,0.3838181793689728,0.695010244846344,0.38427597284317017,0.6958227753639221,0.38475847244262695,0.6941078901290894,0.38291415572166443,0.6949430108070374,0.3827468454837799,0.6957761645317078,0.3825867474079132,0.7019394040107727,0.39225688576698303,0.7023529410362244,0.38997045159339905,0.6917333006858826,0.40366601943969727,0.6913524270057678,0.40276622772216797,0.7099344730377197,0.45764830708503723,0.7056630253791809,0.4472205638885498,0.7041057348251343,0.530660092830658,0.6855520606040955,0.5134328603744507,0.6623730063438416,0.5143107175827026,0.6508074402809143,0.5086893439292908,0.6504129767417908,0.5119677186012268,0.6379167437553406,0.5077270865440369,0.6523817777633667,0.5016605257987976,0.634530246257782,0.5049362182617188,0.6560981273651123,0.5021142363548279,0.6419532895088196,0.5034500956535339,0.7063449621200562,0.6093795895576477,0.7118445038795471,0.5993782877922058,0.7010317444801331,0.7066352367401123,0.7253935933113098,0.6932269930839539,0.7046877145767212,0.8141776323318481,0.7669193744659424,0.77582186460495,0.7101209163665771,0.8330393433570862,0.7747191190719604,0.7826023101806641,0.6757518649101257,0.8294900059700012,0.7695580124855042,0.8223697543144226
